timestamp,user_id,action
2025-03-02 05:30:01.162654,0a5ce8ce-5e1a-40bb-a3b1-d669c74b0188,click
2025-03-14 06:36:12.627434,2b78873b-6dd8-440c-a1cd-50edb013b0ae,click
2025-03-03 03:27:38.414925,975f85da-8ebf-439f-8e5e-d2873d462259,view
2025-03-01 04:54:19.284059,97cf02b0-1743-4aec-9a08-1199a18a19c6,view
2025-03-16 10:04:35.286383,7c162a0c-90db-4b62-9d3b-cf8e712ade8b,view
2025-03-13 09:22:33.704149,bfba33c9-2f6a-4d9e-b0fd-78aad996b5fd,view
2025-03-09 07:38:50.885346,fc64c16d-5fb1-4bb6-be70-64145d604a8d,click
2025-03-07 18:44:47.323226,11fbcf30-5db1-4d5d-b8f0-041fc6d2e552,view
2025-03-01 19:23:43.887944,d5fa3d47-84ea-4cfc-b70a-21d214c7486f,view
2025-03-16 13:20:48.544918,5637b852-0ea6-4a36-8993-f2cc57e2d1d3,click
2025-03-02 13:38:27.296256,094bcc84-dbbe-42c7-96c8-5a2847724146,view
2025-03-02 06:15:38.955171,72596a22-9038-499b-b6b8-3bfdb5b0c2f2,click
2025-03-11 08:57:56.691649,81bf476b-9a3e-4da6-84f8-6bcf4d16a903,click
2025-03-17 23:24:47.604846,bac5c099-aec5-4cb8-af33-a3fbbfca53e6,view
2025-03-02 03:26:40.021834,cc8c1b29-d1af-4d33-a866-6ee59b724cf8,view
2025-03-17 16:42:10.153288,74d32140-1a44-4cf2-b946-3084e83183b3,click
2025-03-18 19:28:34.595313,0dbb8b1e-56a4-48f3-a871-eeb8a7be0486,view
2025-03-14 03:27:53.394258,32dd63ae-4fa1-48d0-b675-1808f88e9b74,view
2025-03-15 19:05:18.566519,6c964c89-b9cd-4149-8a50-7412189ba0be,view
2025-03-03 14:55:23.628487,988506cd-9dbf-41ef-af69-7a06be0fb69e,click
2025-03-05 15:33:20.667354,a02cf890-2b68-4910-b1a1-140101f88726,view
2025-03-10 01:59:34.961921,01179019-b7f6-400e-8f2c-caf7d8a5a27b,view
2025-03-04 03:49:32.854946,aaf2ea9d-da57-42cc-aeb7-4cb27482b166,view
2025-03-07 11:19:28.046481,bf365bbe-0c66-483f-bd38-6d7658ec54f3,click
2025-03-02 20:40:50.223728,e8753007-42ca-4673-b51f-e6c3a42eb2e6,click
2025-03-01 02:23:24.675444,e001503f-0f3b-46f5-adac-9d14aca1c3b3,view
2025-03-01 01:37:08.648935,f1a156ec-f493-4290-965f-331e83549b84,click
2025-03-06 07:39:52.033786,6b50278f-ccad-4414-bebf-afaa44241090,view
2025-03-01 04:50:54.202963,304ad8ee-76ca-4d2b-a2b8-b5aa6903a57b,click
2025-03-10 06:19:29.161280,06ab8924-893a-46a6-befe-17ca2afd96c5,view
2025-03-17 23:55:53.857783,c0b33e6f-dbef-42b1-a7a4-82637aaa6743,view
2025-03-04 09:19:47.370597,2120602c-3a91-484d-8baf-fcf16477326c,view
2025-03-14 16:38:42.772380,18b64138-4a24-41af-962b-92df37e28112,click
2025-03-17 11:51:56.573599,57dd9fc3-e0c9-47f0-9c2d-7a1b81d28605,view
2025-03-04 07:22:16.253571,8524d4ab-2766-40d4-9b3a-b00c2f003bfa,view
2025-03-12 06:26:39.634185,64dbec19-e9d1-407c-9123-1369a856b6a5,view
2025-03-08 00:52:38.712651,440813a7-7452-4835-ac64-9064d1a607a8,view
2025-03-19 04:35:22.765750,caac6d26-63b9-4811-8774-dad450b9f439,click
2025-03-16 03:56:08.297367,0a326575-d472-4a88-8397-00c30a0dd0fc,click
2025-03-14 01:21:55.793715,a1585629-57ea-454c-9e21-3959b4e933e4,view
2025-03-01 17:14:29.093590,80ff3d18-a9f6-4dde-a9c3-43db2d5af96c,view
2025-03-08 00:09:36.812921,9a524c2d-8533-4c76-9378-da69fb2e79bf,view
2025-03-02 20:20:11.230624,4854a4e4-282b-4b57-8667-ea5cbaf0cee6,view
2025-03-04 08:47:35.284244,39fabfde-a77f-485a-82f8-35f6ee79e242,view
2025-03-14 02:45:53.412709,13f74237-a7a3-4b6c-ba20-2c7349f509b3,click
2025-03-16 16:02:06.515253,0869cc54-d07d-4436-a12a-fc1f5f481a29,click
2025-03-02 17:06:35.288333,f973ec8d-ebac-4c77-bdc7-afe8b1cf2636,click
2025-03-07 00:37:58.614465,72a9b72b-08a8-4220-8754-eface101d8fb,click
2025-03-12 04:21:41.465551,907418a0-7e78-4579-9847-f188e203da31,click
2025-03-06 15:24:20.462471,5bc3ecc6-f44e-4649-aec1-999fc452d3c9,click
2025-03-06 17:33:36.999385,92393bc5-0fe4-4883-8069-32c65e4b385c,click
2025-03-15 13:42:02.019987,f2007b3b-9817-4d16-b109-bfb59ff0c96a,view
2025-03-05 23:23:02.247708,d805e754-b398-4dcb-bd38-c761fa7b9109,view
2025-03-03 07:06:19.960027,ffa20b09-24d1-4a95-87c6-c5119aacb2ca,view
2025-03-13 16:03:48.077134,1a9bf414-8481-4450-b322-39a52666ef1d,click
2025-03-17 04:40:07.032166,81287c05-e839-4214-8b2a-fda71ca4db6a,click
2025-03-11 10:46:20.833677,c0018510-f0fb-4c61-acec-a08e902d7e18,click
2025-03-07 23:30:59.932178,2d215911-3d7e-4dfe-a9a6-e8f0cab6434f,view
2025-03-09 12:16:34.664909,14f9ad84-8a0c-45dd-a585-eac245d6a96d,click
2025-03-07 13:04:05.388615,22187028-d599-4462-bed1-a4731e959ff3,view
2025-03-02 03:16:08.138120,4f761429-4508-4e7f-845c-322c7ff08406,click
2025-03-10 07:30:00.621789,033ea337-2f6a-44d0-ac22-2b8d1bb5a8ec,view
2025-03-04 21:08:11.541726,8547d816-7e0f-40f7-a287-f034711555f4,click
2025-03-05 12:44:51.210986,21066c01-1c10-48f0-883a-238085d118e0,view
2025-03-11 22:08:39.773399,9c3ceb49-fb2b-4155-a4ec-051e54e6d4e9,view
2025-03-01 11:14:01.298053,60f5248c-f403-4321-9111-b2b0a4e514bb,view
2025-03-17 05:08:29.185535,8ce2703e-dc5f-48cb-9587-f5ff252b6fce,view
2025-03-05 18:44:27.021045,6cc61ba5-e599-457b-8331-6db1f4671d26,click
2025-03-17 03:47:22.194277,78ee1cd9-82c5-4d27-8a56-62d9bb486e98,view
2025-03-01 20:30:36.005966,ee75d36f-3961-4f09-81dc-e184431d3835,click
2025-03-08 00:48:26.701593,f7c55c17-48c7-4592-a387-16e57944ce8e,view
2025-03-17 14:17:37.733169,5d936dee-9536-4d78-834d-67964e519211,view
2025-03-18 14:18:10.039998,a130a860-6b79-444a-88c0-8675f52d81df,click
2025-03-11 04:28:43.514729,ce79b009-d3ef-4e63-93cf-717ae19b3cf0,click
2025-03-06 21:52:01.274683,b0aba144-8ddf-4442-890c-33a9e00635b1,view
2025-03-08 23:44:27.007090,1a07ef28-d0f5-4a22-817a-ffbebae9e724,click
2025-03-18 01:52:11.262845,01a29cd5-e5ae-481d-9701-233fd2db7283,click
2025-03-07 06:28:40.944425,ef754302-0d89-4f0c-a9d6-29ade6f49191,click
2025-03-07 14:00:36.779326,cf2794dd-96a2-468a-85ee-4bf8a77d213e,click
2025-03-14 04:52:30.085561,c897e1bb-3620-4d0c-b355-9c69110eb331,click
2025-03-19 05:47:39.523468,cc2649dc-ac6f-4d68-bfdb-4d93461416b9,view
2025-03-02 03:15:18.038089,3fee7438-a3e9-49ee-af2c-33df3a21659a,click
2025-03-05 09:46:34.404708,95bb3d4d-be97-4310-9c4b-bee8cb64c8df,view
2025-03-05 08:57:43.031208,437f3c01-21f9-482e-9d53-029beccb8345,view
2025-03-11 06:30:43.941096,3430bf4f-f6b3-4e74-a9c6-b0dc31be9996,click
2025-03-13 09:14:30.272090,3c62c966-c78b-4666-a238-49ce4c83b380,click
2025-03-03 08:41:06.616186,c3bf5d99-a670-4430-9fdf-7ba62d15450c,click
2025-03-10 14:51:46.015915,766934cf-77d2-4a96-bcda-70b7034b8599,view
2025-03-18 21:50:43.366126,26fd4120-7313-4deb-926d-3965fcfcca44,view
2025-03-05 09:40:18.621123,289724f4-ce63-4ac8-b3b6-faabf42a79ab,view
2025-03-14 03:20:53.959491,495f99bd-cc46-4cf4-8141-1da600029d41,view
2025-03-03 16:29:18.405440,a9c954ab-335e-4783-a952-0e64fc5cff42,view
2025-03-12 20:40:25.204837,bbef69db-4baf-4f61-8ce5-f943607a3b45,view
2025-03-11 17:05:00.064697,cd138ccf-8ffc-4d66-ab15-8e1bd0254ddd,view
2025-03-16 08:10:23.833807,2cf5fcdc-ee2e-40d1-bf06-71b66cfcfb87,click
2025-03-16 14:53:53.991063,d36c5b47-1eaa-4fce-a639-2f9f8ae8da72,click
2025-03-06 12:13:44.918103,b0d33f7f-6562-426f-aab0-c0a52fd6d8a4,view
2025-03-05 21:37:59.117655,1fd40c26-3404-4ccb-9c02-807afc205deb,view
2025-03-13 16:47:20.500884,99d337c0-033f-4159-a3c4-cbc6f2f03134,view
2025-03-12 14:00:02.372828,87fe8285-0410-4791-99ff-5c69fea5275e,click
2025-03-02 18:11:02.898998,925dc13b-486c-48d5-a12a-2827dbb4d7f0,view
2025-03-05 07:43:11.276044,e20ac97f-e626-4002-886b-2e63936e6dee,click
2025-03-13 18:43:09.675350,0bd53d79-13c6-44bf-bf6a-392a0d68fb02,view
2025-03-18 20:46:28.317962,03bbd933-7d8e-4e2c-8527-07d44bfc8365,click
2025-03-05 12:40:27.189358,9d09acf3-14e8-42a5-a4d3-f3723e5fc87d,view
2025-03-18 14:56:08.006474,63b0017d-842d-4151-be8b-dfb3cb0eb879,click
2025-03-18 03:35:23.666307,6350c888-0207-491c-8ebb-6019c5b2a9df,click
2025-03-06 17:17:17.509168,21fdcd56-3f03-4812-9d66-6f4b843099f1,view
2025-03-11 11:16:35.240925,81e6efd6-9b20-485d-bda9-8c1f61714b82,click
2025-03-18 03:36:03.169357,0b215384-7aaf-46eb-af9a-4ae13c1b6cb1,view
2025-03-17 14:08:38.702520,c92f79b6-658a-4882-badd-8699e05e8bef,click
2025-03-11 18:46:43.157186,4016d2f2-be7c-4f67-9ddf-b418e48ae145,click
2025-03-07 13:21:55.882409,4038d097-86ce-427f-ab7a-ef56d5677f63,click
2025-03-11 21:47:50.941528,f8ca3aa0-a203-4915-8905-3947027b1737,click
2025-03-09 10:15:36.678143,72e37d65-865e-46d5-a19b-21672e254965,view
2025-03-06 14:39:29.191782,935b266a-465d-408b-9a52-5a101c7f3722,view
2025-03-02 13:30:40.588034,82daae5a-2e8b-4bf1-9d6f-d1c275457574,view
2025-03-13 12:37:30.107019,b8c85b06-c658-4adc-b812-0e1a7439bdba,click
2025-03-04 19:58:12.356181,d9d9408f-4999-40c4-b2e9-db60665507a6,view
2025-03-01 07:02:41.465112,b0c859fe-49dd-4c02-9d72-7c0434e39b79,click
2025-03-11 04:22:20.870926,2b896712-07f7-401d-82bc-78f9f548e6a3,click
2025-03-16 00:06:22.861479,f588a9e2-5ee7-4ac5-90ca-ade75c51637d,click
2025-03-15 01:23:49.260720,2e4223dc-25fa-4ff1-934e-812226b31fb3,view
2025-03-04 09:25:37.618173,33e2d667-168c-42cd-a198-85a4f3035b1f,click
2025-03-16 19:32:11.466814,ad2cf440-6a9f-4fbc-8a58-da34131f975f,view
2025-03-10 15:47:02.256536,d32102d5-4eec-4664-b9a3-0b47406ddf1f,view
2025-03-15 05:23:32.860365,1260c687-3f7f-4102-bb55-9f3e9fe26c8e,view
2025-03-11 08:32:59.539093,a4b8b272-2785-4b16-a1a6-f8159bcd5c96,view
2025-03-17 21:35:29.175729,22ce5218-7e4d-41ff-84ac-11af86af560c,view
2025-03-19 06:29:04.645444,846aca0d-32d4-4ab4-9f0b-09a55efb417a,click
2025-03-04 12:26:31.022984,eb6315fd-88da-48cb-a55e-17ab780a4ff9,click
2025-03-11 06:23:31.196432,380ceba2-be9a-4588-a167-2e50aa58ffdb,click
2025-03-14 19:47:56.090767,fcc88f81-dd68-49ff-9f2b-379efcdd22d9,click
2025-03-03 16:18:21.970573,815b2b7e-2629-4ab9-b808-98fcbb24e8e2,view
2025-03-05 12:41:47.993131,9f221aa6-9229-4294-9c1d-af575591d1ac,view
2025-03-10 02:41:13.858881,41a623ef-030a-4c32-948a-f77a420e4155,view
2025-03-12 05:06:19.722732,c76f4921-1c24-48d7-9a0f-895cab6d7a10,view
2025-03-04 05:35:58.285192,e144a339-85c7-49c9-9772-c43feaeec964,click
2025-03-01 12:28:30.062835,36b0dadb-d210-4b21-9d21-e93650c6f2c7,view
2025-03-03 03:37:34.396336,18f6e3ca-0c40-461c-8515-337533cfcd93,click
2025-03-17 14:49:38.436673,ecd72840-2fbd-45b1-815f-a28cea61cd30,view
2025-03-08 12:17:08.838919,36b1e6c3-330d-46ba-8bdd-fea0c8f2413d,view
2025-03-03 00:22:25.192213,7f3a56b8-bb3f-4186-b6b7-0d56e0fce297,click
2025-03-16 08:09:26.639631,b1bd930c-b184-41c8-a82f-c252d5018862,view
2025-03-08 08:46:13.239880,7cf3a685-6738-4d85-a15b-0ba7602749db,click
2025-03-15 19:22:14.798313,7bb61d6e-7e45-4d13-9bfd-01c0e01a7c5f,click
2025-03-05 02:14:34.825524,4910c15c-1a7d-4293-9d6e-6fe9b783df6b,view
2025-03-15 21:11:37.188695,6b714f7f-b6ec-412d-8972-16cba4cc06a0,click
2025-03-13 12:53:21.037208,9ba9dccf-b838-4ae8-8bc3-8c13b8e50d0d,click
2025-03-11 15:59:40.374497,b682e43b-97ce-4b74-98e9-6265086ec7d9,view
2025-03-15 08:44:33.563545,856440e5-e6d3-4efa-b30c-4a4b6c5bc76d,click
2025-03-08 07:19:33.035485,b8323d1f-15c7-4ac2-afec-98b9cf06a329,view
2025-03-16 06:30:49.850684,1cfd9144-f044-42dc-a6d8-251fb9ab44a6,view
2025-03-01 10:42:46.737121,20fceef7-72d0-4c06-b921-5aabd2b33c9f,view
2025-03-05 22:45:16.914556,8ed7bbee-6be2-4470-9908-8ceef9567be7,view
2025-03-01 02:51:10.109005,5362fab0-dd32-4a57-84bd-12ee741e8d4b,click
2025-03-11 13:02:08.257623,100e26b7-5c51-4fd7-852a-a05cf38f6add,view
2025-03-16 14:18:09.500391,b4f99ccd-9b96-42d3-85fc-bc9a60c2d710,click
2025-03-07 00:57:32.254240,2915539e-530f-4819-b521-b2a6df70e8b2,view
2025-03-07 22:00:23.255602,75f9ad1d-6757-4849-8607-b9a3bb12bf49,view
2025-03-10 16:27:27.821336,01fc668d-42ba-4c21-b9e2-cefc2387a832,click
2025-03-12 21:40:55.759790,63a4af69-de5b-4c00-ad60-d9b09f7ff748,click
2025-03-09 02:47:35.855751,25d218e1-3711-4534-93df-fd26991320ca,click
2025-03-05 13:14:11.413774,ef915440-a119-4cfa-8263-88aaaf46b6dd,click
2025-03-16 00:20:37.115231,6cabe1d3-6a3d-4454-ba43-67ffc65d7141,view
2025-03-15 09:09:35.589931,93353981-7821-4ba2-ae99-93402b208325,view
2025-03-19 01:20:09.912350,9cd4c4d6-8b3b-4434-9fb6-7bb802717a54,view
2025-03-07 00:19:47.504660,ae43f2e0-ebc6-4c73-8425-a8555f989211,view
2025-03-17 21:08:45.666082,6d1b6641-0785-4816-8969-fd5818c2ada1,click
2025-03-01 05:21:02.017781,21787773-dedc-428d-87dc-8c0a73608407,view
2025-03-02 07:09:05.502903,41569ee5-b576-456b-ba84-1c240a6a1df5,click
2025-03-04 11:22:42.677955,3eecd5fb-d627-4577-bc1a-8c89c1c3dca9,view
2025-03-07 12:16:16.500238,0e29d5df-6e0c-4e2c-881c-ce564c98c8af,view
2025-03-01 19:01:25.432844,ff81892c-7867-4a4e-9c69-b709e1c12e2c,view
2025-03-10 02:10:19.937399,440ac8f4-7347-4d9d-803c-dc3104c2682d,click
2025-03-08 18:48:00.868158,6afd8d4b-1a60-4156-83c0-90e88fc414de,click
2025-03-17 16:50:37.336162,c1220b1f-bd11-4743-9609-6b063d5ec8c6,view
2025-03-15 08:13:58.763840,5b04a184-5830-4018-ae32-c30b475f0550,view
2025-03-14 16:03:36.829832,d0db482e-b4f8-4eb0-bb31-b9b15649ad80,click
2025-03-11 00:18:14.034169,f6ce1bd2-85e6-48e9-8eb5-c9b0338b8306,view
2025-03-03 05:02:41.833197,49f6855b-3b90-41ba-8ea4-fd8506363a00,click
2025-03-18 01:35:49.548141,85379691-6be8-4989-b186-77ce0814e978,view
2025-03-16 21:58:08.950792,ecd16f0b-56a5-4abc-8f63-2dfe53beb460,view
2025-03-18 08:03:31.646388,13654dbf-e707-4df0-a875-b6874be9a6da,click
2025-03-02 16:45:06.281612,3889b019-5dfe-463f-ab6e-5909bc81dd01,click
2025-03-01 11:36:47.193966,ec64c5dd-7808-43de-8f57-75a7c7f829bb,view
2025-03-13 06:52:59.317116,f4e0d25c-f2e3-4222-bee4-79e776d4be47,click
2025-03-02 14:56:42.087785,539cb49a-c275-4d2e-84b2-22c8eb881997,click
2025-03-16 02:04:39.467068,3677612d-184d-44d8-b3b0-b93997e029cc,click
2025-03-18 10:53:09.507059,1afe5c8d-1b03-46fa-b9e0-4a06a83335f4,view
2025-03-05 15:06:38.918678,3961925f-0c7e-48e4-8031-4f8e1f25bbb1,click
2025-03-05 10:22:01.012322,731ed421-6f09-4efd-9909-be77b316246b,click
2025-03-05 05:07:00.950171,64bfcb67-500f-4800-ade6-10efd542010b,click
2025-03-04 17:47:53.758125,a2b37e0b-8ba1-4cf4-b056-877190f7d1b5,click
2025-03-03 13:15:58.007836,8b480c47-9987-4727-a39c-934f938f3234,click
2025-03-10 22:30:41.058365,fd53fbfe-80f3-431b-8e3b-d774f43c55f5,click
2025-03-04 09:30:35.252549,e2b5a9e1-a0f0-4966-a82f-907c80c0c853,click
2025-03-02 17:48:53.843250,e88c589b-abed-4354-8456-27f4dddb19b2,click
2025-03-10 14:33:22.191694,63d191a1-a887-402c-8cb1-f3074113c799,view
2025-03-18 21:22:57.340853,6a4eff7f-d8ff-4fd2-8924-2c86e958440a,click
2025-03-18 01:25:05.700853,fd9a2f6a-0b56-4c28-8b7f-27518e9328ab,click
2025-03-17 18:32:22.296926,644d77ca-0e50-432f-921f-8bdf20a260d7,view
2025-03-06 07:41:03.336855,28ad46c4-18ae-4b19-9d9e-4630863b3c1a,click
2025-03-06 02:13:48.658376,4d9b8202-fe4f-49fa-83ee-5ec56f967875,click
2025-03-17 16:23:29.977184,d6061be8-5cb2-4de1-b220-a3c222d5756f,click
2025-03-06 06:06:40.392850,844e8864-0332-45f0-9518-f610cc65f628,click
2025-03-05 15:31:25.352052,9195ee37-4e83-4c7d-9533-f40eefeb14f6,click
2025-03-02 12:16:22.705676,a25e2e7b-a569-429b-86fe-0f07f832f243,click
2025-03-12 14:30:25.867662,9a9ff35f-cc79-4475-a1bc-8f8e91c0db18,click
2025-03-01 14:27:56.417531,03f99119-9a52-4ff4-a109-f28b2fea758e,click
2025-03-11 06:28:36.072263,858a26a6-6fe4-462c-94c0-adcea4060703,click
2025-03-04 19:58:03.769393,281f188b-32be-4f1c-87d4-9e033429b397,view
2025-03-13 17:53:42.783069,899bfe37-d637-466f-aca8-3854d852471a,view
2025-03-13 18:12:19.057541,627abfc5-3f1e-4c0a-9e5f-9946694c7a0c,click
2025-03-04 08:48:57.726710,f12f521a-09d9-41b8-aa1b-ad2238ae2d75,click
2025-03-07 18:20:11.394994,9e931ba3-626d-4838-94bf-b52d81b2331a,click
2025-03-12 14:18:17.312503,c766ff2c-9b47-43fb-9462-781dbb48da07,view
2025-03-04 08:34:47.606521,9e15a2a9-78b0-48e8-a9d5-a5f73af10fac,click
2025-03-10 03:53:05.054847,97fac8bf-68cd-48d1-bad9-b0ba21a5c15e,click
2025-03-08 13:10:36.257860,63e31d0c-588a-4b8a-92d3-5c36d25997eb,view
2025-03-07 18:41:04.864535,341f0e9a-53f0-4509-aa3a-800202fca84b,view
2025-03-03 14:01:07.220934,fc3abce9-4459-4e3d-88a1-b66ee2970bb3,view
2025-03-17 13:33:57.243450,dad60374-79ef-4573-ad82-9db0195e2931,view
2025-03-12 17:23:35.208698,bb19ef71-c4fc-43b7-8098-f91b12825a6f,view
2025-03-04 12:31:13.711980,b662d80b-410c-45d9-af1f-9f4e98d7188c,click
2025-03-07 15:26:32.229533,b24b925b-3212-4059-96b3-5781f560b8f3,click
2025-03-04 22:49:59.207903,14b2dbdb-21c0-4813-af18-cfc0594ec3f4,click
2025-03-03 15:50:54.117188,fd5c01ec-11fe-492a-be70-31c3ba433001,view
2025-03-09 11:15:33.130287,e9462af9-cdcb-4c1c-8015-a925d2a75894,click
2025-03-10 07:34:14.066129,4ee7e365-1bb5-498f-8067-30e98b2b10f0,view
2025-03-08 07:47:26.267009,66f0c943-749f-465c-bf23-5e80a8bf7174,click
2025-03-19 08:02:43.849099,9c4dbee1-c7ce-4562-9ec7-483057f3f642,view
2025-03-04 21:35:39.837004,4319db8f-243c-4348-a0bb-72206047618a,view
2025-03-15 19:03:22.886049,aab7f9b1-2f92-4867-b214-aa9dfe709f65,view
2025-03-04 22:06:52.355485,faa648df-afcb-4a01-b9e0-3fb3be55ef9d,view
2025-03-16 02:22:29.888836,b82149d5-75f6-4178-9872-d508b59701a8,view
2025-03-12 23:12:24.684252,8f24d9a0-f687-4d93-8ae5-cd7d14293fd7,view
2025-03-16 23:15:13.774344,80b2b930-a67f-4849-9235-4585b1dc6f99,view
2025-03-15 17:11:08.257306,e1aeaee3-fd4e-4736-aeed-0c942cb082e7,click
2025-03-05 21:09:25.944230,52609324-c38d-438e-a90c-ee2fa46f54e6,click
2025-03-19 03:22:58.885436,ec12dfb0-7d7e-4406-9911-3977516b9746,view
2025-03-08 13:09:03.124377,07becc8a-db56-4965-91d4-4ce6f734c727,click
2025-03-05 20:59:46.820510,f6cba12e-c616-4b32-9f49-853853cfe552,view
2025-03-11 23:25:40.969763,bc553b4d-c86a-4f03-a3c9-920e46f220d7,click
2025-03-12 05:04:34.154555,33db9eac-a924-4711-b966-4a3193e6959a,click
2025-03-13 14:51:17.543084,88360e72-2b76-4eb7-97e5-cfe6956bba83,view
2025-03-03 20:47:33.746594,9976e92e-baa3-46af-bda2-2358032690d9,view
2025-03-01 06:24:15.821773,19b94f4b-fd85-437e-ba94-5954d7867ec7,view
2025-03-19 11:16:35.907506,fd3f05af-0228-4a15-ad39-956178c7bc95,click
2025-03-09 00:16:24.103372,ef8b5e11-6c15-4713-970e-5c9521d03f3c,view
2025-03-18 11:31:43.168914,11cfee59-c6a2-4d0f-ba76-bf8eff56f05a,click
2025-03-19 05:36:56.309972,624cbacc-1342-4e65-90e1-375a8c9fe157,click
2025-03-18 23:32:32.880027,04a5c13c-3dd0-42d2-a506-5f831a9635d8,click
2025-03-09 14:16:55.472982,430b2397-ea16-402c-b0fb-5da3bf520251,click
2025-03-17 09:45:05.137244,574b9d9e-674a-4e10-be20-022310a1daa1,click
2025-03-09 19:48:44.075685,24be04a6-db96-4c7b-b0dc-75c012809506,click
2025-03-18 02:05:57.441262,a039960c-7972-45be-8139-a1574099d589,click
2025-03-06 19:40:12.499084,f904d6c6-d41e-4ab7-8cc2-82dfb9995a50,view
2025-03-03 11:02:39.596147,2bea7d85-e8cd-40b0-9adc-d7ddaae088dd,click
2025-03-02 00:05:26.031064,c658d294-e8a1-4bc4-b983-72ace12e2ea1,click
2025-03-01 10:33:40.556601,032f2cd9-254c-4e66-9418-ec0e4280606a,click
2025-03-09 04:19:14.187609,292906c9-ee4c-492b-82a9-4d1361e82b59,click
2025-03-10 23:31:41.881614,bd9777af-65ad-467b-a51c-9ed1904a9a41,view
2025-03-07 18:31:09.723741,b5ebe4ed-8e87-4257-82ae-641bd2076082,view
2025-03-16 08:33:27.228246,c5546d6a-565f-4720-8fad-d7c5769d2980,click
2025-03-18 00:44:20.592211,d8dd5349-1bb6-4704-a5ba-ac624ecd3714,click
2025-03-03 15:29:48.433239,7a45e146-b874-4f76-a4b0-4212370e9eb8,click
2025-03-08 23:21:22.256566,6e5f4a66-8346-4d7e-9b01-eaa3a9822a9a,click
2025-03-14 07:48:25.044931,1e31f44d-5016-4498-9ee9-ff74d03292e2,view
2025-03-03 19:09:52.003976,a428fbea-6b61-41c0-9ce5-161289c6c2c3,click
2025-03-14 23:53:16.252746,2c279ca3-a7f5-4a4a-ac3a-64cf8b887976,click
2025-03-14 00:17:08.972196,a6869f85-1811-4de9-ac7e-2a43fa773c41,view
2025-03-04 22:35:33.858788,2c90ca21-c0ff-436e-8de5-7f268e461f5b,click
2025-03-03 19:19:52.866478,9493936e-a3ae-4b09-9359-a30cac926e06,click
2025-03-14 21:19:00.948767,9d8c47ea-185d-4fa1-9881-eecb15698f47,click
2025-03-07 15:47:29.654602,faee0665-6b00-405b-8003-8a47f7c1e7a4,click
2025-03-13 09:08:00.246404,f96fab50-935a-426f-8fc8-8637b4158185,view
2025-03-04 07:04:45.769248,810c4424-74db-42f2-a337-692aabf0c8e4,click
2025-03-19 03:30:41.306419,ce9ece64-835c-49d6-a056-a189bfa59e5e,view
2025-03-07 08:42:30.200467,3367252a-b953-4109-80e6-569700cf1f55,view
2025-03-01 16:55:12.067569,507e622e-f901-4b02-a32a-7bf651d0f525,view
2025-03-06 21:10:34.263131,6db9dfcc-73a9-4fc9-9e11-22aa1468019c,view
2025-03-15 14:54:14.584700,348518ac-39ba-4f63-b9d0-92694c199f0d,click
2025-03-09 03:19:49.743525,c4c1beb7-542d-49bc-b347-aabfdd51e5a4,click
2025-03-03 12:18:24.628723,bb494d3d-77bd-4391-839d-3ef7c0e911bd,click
2025-03-18 17:52:35.307673,465fb95d-947b-4da7-9d07-e898aca23147,click
2025-03-12 18:27:44.254231,8007d312-8b42-4ed5-99ae-54f1724f7b15,click
2025-03-03 12:44:24.934033,dcf12e6c-63b3-480e-8872-a6c57def9182,view
2025-03-19 00:55:05.582708,132ebdd4-0583-42c2-ae31-bf8b740350d3,click
2025-03-04 22:01:16.263444,e56cc126-5e02-48b0-91eb-71015a5003fe,click
2025-03-14 09:12:54.775110,37027451-1da5-4c42-aa95-2a8928a71c6e,view
2025-03-05 16:12:35.578774,f7cff251-42eb-4404-bc4b-399e5a2632a0,click
2025-03-18 13:32:19.332640,81396a6c-0c93-4846-909c-0b4802c28397,click
2025-03-03 04:17:03.894739,386293c7-e99f-4acd-8e20-3967064b7707,click
2025-03-18 21:53:28.579462,e56f05d3-78b4-4a64-8518-a6b163fbec0a,click
2025-03-15 08:22:34.748551,847e8ee0-d29a-45e6-9bee-1e5c982d8442,view
2025-03-07 16:28:21.361216,d2985742-01cb-4fe4-b197-ddbd6c4897e6,click
2025-03-11 07:33:00.393624,2efb8427-8d3c-42e4-8c0b-af60130e835c,view
2025-03-01 10:38:01.584176,b2a1c8d8-5997-48bc-96d2-1c79cf7c9db6,view
2025-03-03 17:19:15.237808,656f1798-6ff3-418f-afac-289feab35375,click
2025-03-16 10:34:38.517762,54594f26-c1dc-4af5-8d52-40789a156073,view
2025-03-05 05:42:14.218710,89851abc-fa2f-477f-b6cb-fa6494ad4243,view
2025-03-11 20:01:11.419109,672b8288-cd8e-432d-9019-896fde83c516,view
2025-03-12 10:29:13.828044,7da7255c-a69f-4b0a-8bd5-9f449451a9e7,view
2025-03-14 06:56:14.744285,946539f3-2471-4249-95b3-28d2440fe599,click
2025-03-05 18:16:16.838584,9a840bd9-6319-497d-8b05-1e5d21033758,view
2025-03-10 02:25:18.607713,1217038a-88a1-4737-8fd9-1e1bc8aaed9e,click
2025-03-08 14:31:15.408429,db4e7e15-57c8-4e92-a1a3-07c58e010f25,view
2025-03-15 15:16:03.996576,264f9b82-5b33-4715-92df-b5ba4086a8e2,view
2025-03-03 03:40:15.377275,fcdcd88a-0512-464a-910b-4339bc2c942b,view
2025-03-03 09:40:35.019582,92f84882-92ba-4f15-98b1-c287e1c69fee,view
2025-03-19 04:45:54.204492,dd02c4ff-bfc8-46bc-8b6f-75abca16d914,view
2025-03-05 20:08:46.168346,a9360d78-ad2d-48cd-83cf-beae80ade2c6,click
2025-03-04 11:16:20.584169,9be92d69-ccba-4cee-aa97-6972ba6a14a9,view
2025-03-05 12:54:56.002689,5c32882f-493a-49b6-8ee1-6fe8500655e3,click
2025-03-15 18:48:49.795213,6cb84e94-aa55-4a6e-8dbe-c6af4757fede,click
2025-03-18 12:37:34.099231,0e85f776-835a-4829-a95e-a50f27743b33,view
2025-03-05 11:59:23.961106,b161de48-9ee4-4930-ba2f-7324dcf651f8,view
2025-03-09 02:28:49.928047,d763435f-e143-49ca-892e-cc5fd4c9232e,view
2025-03-07 06:16:09.076483,3d1c6203-eb37-401b-be75-b3c76b70d3b5,click
2025-03-14 11:23:09.903296,a4ab5adf-99fb-47ef-a90d-c3734139444e,click
2025-03-11 06:38:44.182465,acae1862-2a86-4dd2-850c-6fed9da94fe0,click
2025-03-09 19:13:22.898993,c73fe1cd-957d-4099-87cc-4b4673b8c299,view
2025-03-12 17:59:31.753061,e56aa2ec-0964-4c95-b35b-20e84abaafc1,view
2025-03-11 01:46:29.651623,6233660b-6534-4ab6-9443-3a566cf8cf7f,view
2025-03-07 03:26:05.272098,771c797a-f9ea-4f3a-9145-f5f20260b55b,click
2025-03-17 01:10:12.614097,7d9ae96b-b5ba-4cc8-958f-1560cfbce436,view
2025-03-04 03:38:25.884796,8ca27d09-f609-44c2-beab-1e147c9af033,view
2025-03-09 11:50:12.609428,40c9a066-e906-4b08-9aad-01f04de76d14,view
2025-03-06 22:16:22.422912,086a3269-e9c9-4915-95d3-c5fed3cf3b26,view
2025-03-15 16:29:56.319627,f5fae2d9-bedb-4721-8f04-e45304ca9362,view
2025-03-03 21:56:49.084055,4db31b0f-db65-418e-9f18-8dde7536a46f,view
2025-03-04 14:42:29.748432,04f84a4d-e8d9-4692-b634-731046ee34e3,view
2025-03-01 15:19:24.910219,77207455-0a53-4f7c-a58d-8414b5ae0fe0,view
2025-03-03 14:42:01.183825,914cd74d-1ce0-4b85-932a-2e282996e016,view
2025-03-05 16:44:33.163842,23a5ce8a-fa73-4039-be0a-be1e0524c6e9,view
2025-03-19 08:30:13.155589,11524595-92e8-4708-acca-11167af05101,view
2025-03-17 02:18:01.577026,7d4a310c-6d21-4320-8fb6-45b23d66714c,click
2025-03-12 19:43:36.676879,34b36d1e-039b-47b8-a2ce-b2d9728a503f,view
2025-03-16 08:01:33.387577,d80973e2-1486-413f-b6db-664952225a59,click
2025-03-11 01:59:45.699183,a8265d96-513b-4871-8a2c-3ba7b70052bd,click
2025-03-15 19:48:53.601678,7f4202bb-1c3b-4dcb-a3cd-7ad0316cb4f4,click
2025-03-13 00:08:55.429358,26b86e69-ff24-4888-88c3-3e93b3f67665,click
2025-03-05 20:20:42.863078,0544af4d-2bcf-456e-8120-904083a7a94e,click
2025-03-02 04:17:02.349100,4738a9e7-46fe-4dd0-bd37-f999c9c36a84,click
2025-03-16 15:32:57.733489,cd536bf7-a4b7-4d24-9888-4171b3a0b9dd,view
2025-03-07 06:51:46.017259,c66daf22-2468-4f5f-bd9f-7268ba34f8ce,click
2025-03-08 23:30:09.244833,077666e4-bfd5-4ea1-8cb6-728d0ca9c76d,view
2025-03-06 04:11:48.265435,83dc73e5-acf3-4a77-a543-33f2bd9cb59a,click
2025-03-09 08:35:29.738726,13be5ada-94d0-4a9f-9c6f-f112d2ffcfd0,view
2025-03-18 19:58:16.579302,fb2ddf46-9b0f-4fce-a9c6-fd0c133fa535,click
2025-03-11 21:03:00.788148,05672704-88b5-4839-8cf8-a1eb97779268,view
2025-03-10 10:27:28.029839,27e8a904-7487-40a3-9471-32385e3eb065,click
2025-03-14 20:47:28.017314,fe6e59e4-ab37-4c49-91dc-0431d8369809,click
2025-03-13 23:53:47.668441,dcc0a2f5-9189-4778-b8ef-49d47343c1f0,view
2025-03-17 10:35:23.789733,66c24f0f-28b3-4b08-8675-05d9812b455b,click
2025-03-15 02:46:40.233368,214af936-1f93-4d85-be9c-90c2375eff32,view
2025-03-04 23:39:09.770957,f522fea5-d1cd-4174-a6be-ccfbe7990bdf,click
2025-03-09 23:13:47.180116,f2c174af-7dd8-4470-94b3-a890d8892071,click
2025-03-16 05:31:20.307611,894e7fe7-ac9d-483b-b61c-84863cceea38,view
2025-03-02 03:39:08.588312,a261d7fb-8db2-476d-a9d7-f95c7cf7173b,view
2025-03-06 07:23:06.973538,d24f9eb5-fc36-42be-a67e-820f674fa675,view
2025-03-04 16:17:22.086221,f760cd10-2a15-4370-ab79-cc11377d3aa4,view
2025-03-14 02:50:44.373832,b3279de9-27b7-4cd4-b98c-818f93598c98,click
2025-03-18 06:04:22.593658,c5c8b8e1-7c56-46e7-8d00-7d8958df2cbf,view
2025-03-10 15:30:02.612143,91984cbb-c6cf-463a-87ca-f69ca8ea2022,click
2025-03-10 07:41:51.227593,6bccc657-3174-40da-b4ab-73757542b701,view
2025-03-16 19:18:27.825443,4c103801-a055-4171-9ede-174de19e57f3,view
2025-03-04 11:12:17.951148,efa689f9-f24d-44b5-ac39-472dc12143b8,view
2025-03-10 04:15:07.656867,e4142b7b-bff9-4fac-a167-f538fa26cc57,view
2025-03-05 07:28:27.713227,21201965-5f02-479c-89aa-045cc6b214c9,click
2025-03-07 00:59:43.394574,495835f1-4107-4ccc-9585-f4624bd0284a,view
2025-03-13 01:40:07.424479,5148f5fb-f98a-48fa-8700-40775ce75078,view
2025-03-03 10:14:08.888822,ae557f05-d1c5-4b54-9d6e-b8c7d2017495,click
2025-03-11 21:36:17.344111,e30eae93-b6f2-4bc8-8ed7-4ed2840a3144,view
2025-03-02 07:41:13.713275,2b7af036-ee25-41be-a096-552b1406033c,view
2025-03-15 19:09:46.871161,cb4967c8-294c-4fe8-aec0-97656b97e41e,click
2025-03-05 22:52:58.948861,0f5c4c75-f228-497b-883b-2d499b7a2ecf,view
2025-03-19 08:11:26.146759,87bd9f52-477f-43ab-a297-b51e53046d63,view
2025-03-16 23:48:13.480747,b4a16fd6-945f-476e-887d-eeb7b3f7b4a0,view
2025-03-14 15:27:58.323993,0432aefa-192d-498f-94a5-d7162372af16,click
2025-03-19 03:10:07.220649,6d445b45-66e2-4fd5-9bc8-fb503698a6e1,view
2025-03-15 11:43:40.663366,2300ae5a-6a52-4623-afdd-2b7afcb51df9,click
2025-03-12 06:44:23.427367,8bee3c8c-304a-488d-ad9a-89d0007d2e94,click
2025-03-03 06:30:58.977957,aaa345c3-aa9a-431f-88aa-d6b03f8cfb0d,click
2025-03-11 06:23:36.429927,d60c3627-2b26-4c5c-8426-5bc01efd8fab,view
2025-03-12 16:55:15.932556,49a9564f-48f4-4816-99db-7a992f68b6ee,view
2025-03-07 23:37:04.762200,f7aa0eeb-7530-4a48-b425-21491e726c29,view
2025-03-15 10:44:06.429534,123d4d4f-05ce-4559-81b5-88529ceb2273,view
2025-03-05 22:20:01.246662,907c3bca-aabc-4298-bfdb-a3a4c3c07fa0,click
2025-03-14 08:42:57.345389,a68266e2-1374-4b8c-8f13-16e1e4aa663a,view
2025-03-01 11:26:09.704671,7dc6da7e-77c9-47fc-bba6-7400d7e6472d,click
2025-03-03 11:45:55.480475,7b07ebae-0b46-4cc0-b2ce-2f414550ff85,click
2025-03-18 09:18:37.538466,c48496c1-c84f-4ce9-8f88-8b98cb12ae8e,click
2025-03-02 08:27:05.179710,278189df-279e-49f8-b0d2-2d11327cf033,view
2025-03-19 09:25:43.561155,4ad95840-6f3a-407f-a4e5-f5ed89bb266d,click
2025-03-13 19:03:10.908041,76b6570d-e615-40e7-b5f9-806ab5d9659a,view
2025-03-07 13:26:25.177487,27071f6f-eae0-47c5-9ba8-823731e6e9f7,view
2025-03-05 15:25:46.778199,9a69cd9c-3a1e-42e8-b3e7-74ce5b5bc614,click
2025-03-19 03:21:49.126539,4c6cfbab-1ea5-48d7-bd34-2d102a083759,view
2025-03-16 13:46:14.999408,a99fef63-654a-4cee-8ae8-855a48b5e8c7,click
2025-03-14 22:44:13.459406,c72ae88d-8765-4a6a-9781-8e507cb8bac8,click
2025-03-02 10:22:19.231275,a78ae609-828f-4f59-852b-685289f4ccec,view
2025-03-15 03:20:15.359257,9565edad-3ea3-4491-9318-bb1d93933d51,view
2025-03-01 14:37:26.766871,b38938ea-6da1-4984-9f73-b039a463ff60,click
2025-03-03 12:26:09.164802,d6b00211-9b62-4e2c-9558-dd7ddcd07050,click
2025-03-05 02:41:03.605826,e93cbfde-eb64-4ef9-947f-e1e55a47835b,click
2025-03-15 18:42:39.972953,6b3c7a15-c9b0-432a-ac66-e4a53140096e,view
2025-03-06 04:32:04.607720,159ee47d-6312-4c21-9338-423bd4dbbe39,view
2025-03-04 13:44:32.455575,51463710-7180-4fc4-afc4-1b8f9552697d,click
2025-03-04 12:24:29.694864,165c6bb8-2208-4b49-8359-e090a52adfac,view
2025-03-12 15:30:47.693383,598343c1-3e37-410b-8f95-277577a3cf70,click
2025-03-12 13:38:48.525371,46b12cdb-b114-4b4f-a792-49b97cb8a87d,click
2025-03-08 00:10:00.840028,4a8c1879-c6c0-43a7-abe8-f04e3362f30b,view
2025-03-16 18:30:13.942060,728563e4-6898-44c0-a251-3bb6df4d845f,view
2025-03-10 17:36:26.438676,12957fb6-2dfb-403e-937c-99f1470884f8,click
2025-03-06 19:27:55.031269,324db298-92d2-45db-a194-9fe1cf05b939,click
2025-03-18 03:22:26.666590,c96557ec-ea76-42ed-a831-6ea293fb2e83,click
2025-03-12 23:41:07.888754,04881181-aab6-40ad-adc7-5b99c1bd6ac5,view
2025-03-08 12:25:35.752257,bec3934c-b6ca-4d44-beff-cb5a936d9a82,click
2025-03-03 01:13:29.771238,5fb6f5ad-a452-45cf-b7d7-9fa02fea5be3,click
2025-03-02 08:58:15.063417,1a8b573a-e71f-43a4-b28c-6f5dfd8c2d77,view
2025-03-09 01:47:09.325507,5cdf4c8f-b8cb-46ed-a5fe-c0578b34dd29,click
2025-03-10 10:47:44.830917,9bd2ae0c-9a54-48c8-bf23-d84cb6c84a51,view
2025-03-10 16:15:14.490894,ed46eb44-b6b4-441b-8f13-9e28627e088f,view
2025-03-07 02:29:54.073659,a6539b98-d26c-4f44-b706-44962909a64d,view
2025-03-10 12:08:49.395522,9c218298-3b60-443c-b32e-f675e6c234dd,click
2025-03-13 21:15:51.596254,23d0254d-f262-4d3a-a2fb-7fa61e51944d,click
2025-03-02 06:29:22.466097,e75c13e5-df05-4aad-bef6-17ff4a1d1fd6,view
2025-03-03 09:13:55.785295,c5229341-c335-4b42-b62a-d3c4df71b196,click
2025-03-15 22:20:01.857938,e2aea2a6-a0e1-488d-9d79-7339bbe37897,view
2025-03-13 11:49:31.708382,01060461-db83-41e6-8bcb-ce9a36d9783a,click
2025-03-01 14:46:16.156682,8f6d7f10-c6b2-4aad-98a8-ba9bbede3f08,view
2025-03-04 14:35:06.822040,527cd75f-8d6a-41db-92e1-294ec12bb39b,view
2025-03-07 20:42:00.691552,241894fa-f259-47cc-a549-781516000f10,view
2025-03-10 19:40:10.046127,60066dd7-b323-4641-a6af-1eb5be36e2a8,click
2025-03-17 19:12:10.908840,cbf47f4f-69de-4f67-bc60-a5cd6b4c412f,click
2025-03-09 21:48:05.641947,8a1831c3-a4f4-48a4-b395-f920107a655c,click
2025-03-08 05:04:39.020549,e45ca05d-2eb2-4eb6-8bc6-9750a129058f,view
2025-03-10 19:34:59.739970,94454c50-80cc-4388-abbc-f73af0165a71,view
2025-03-07 21:48:33.971902,103377be-cdc0-4296-bab4-7a4cf23d9d4d,view
2025-03-19 11:21:36.040967,8ab61f5d-3269-4e46-bee4-08bf86f97ee3,click
2025-03-01 14:16:07.672623,b8c0bcc6-636c-4b5a-aedb-e91b8804c29b,view
2025-03-10 14:41:14.749577,20eee7d1-f8e5-4643-b0aa-8e934c535f5d,click
2025-03-17 01:25:38.850653,4df53af5-d41b-449e-a2aa-1a84d31565a3,click
2025-03-06 11:15:59.823928,4fe7faf1-2f3a-4f0d-9fee-303a14882439,view
2025-03-01 03:06:42.675348,f956f49c-70fb-40e3-ae0f-a8fa1765ddeb,click
2025-03-16 23:19:31.398111,4af608d6-f430-452a-8f20-5d69901a5019,click
2025-03-09 00:31:09.370965,2ba79926-cb1d-492f-bb90-a3626db76a2e,view
2025-03-06 06:50:35.181534,24d7911f-19da-410d-9d63-ef4a6f7049e1,view
2025-03-07 05:48:54.741486,9e715893-03b1-40d0-8fe3-d85656d116eb,click
2025-03-19 07:51:40.910944,635acca9-927f-4db8-aadb-68b839243de2,click
2025-03-09 06:39:11.175305,c6bccdb5-e1f1-4bac-a077-c968c06074ef,view
2025-03-13 22:39:58.681053,2bdac17a-fa4c-41b1-b589-c1b89bd6a6d8,view
2025-03-15 02:21:11.285179,00fb0a19-b917-4bfe-a343-f323d16ea310,click
2025-03-04 08:33:30.019806,4c370618-b7e9-4395-967c-2090868486e6,click
2025-03-19 03:07:35.026758,aa839d01-f35a-4bcc-a335-b1b6bced49e3,view
2025-03-13 16:38:03.955233,30dcd6b0-871a-4ca3-8990-467bc8ec452d,view
2025-03-12 17:30:57.931307,be827bf6-4459-4e4d-ac80-d09f4b9ea414,click
2025-03-10 16:46:06.137771,1fe03fee-21d4-472a-8c0e-b898508037f0,click
2025-03-02 03:43:24.396432,e24a7c94-4190-44dd-a99e-1b560cfcc1c1,view
2025-03-13 21:53:47.488318,ca9c944f-acdd-40fe-86ba-c6e53f84e1da,view
2025-03-17 14:08:53.993190,2afce45f-d941-47f0-91f2-3f8f4911e61c,view
2025-03-04 10:19:56.438571,21cb2a7e-00b6-4bbf-9cbb-23fd8e3c62f6,view
2025-03-01 05:15:22.266507,f06b5e28-3bd3-4117-aaa7-f3c1b8082bdf,view
2025-03-01 05:28:22.283995,36e60d61-0ca6-475e-86ab-4fd4b94eb035,click
2025-03-14 10:18:33.444319,96490ae6-797d-45f6-88fb-837265639cd1,click
2025-03-04 06:10:13.740510,3d7ff355-32a5-44e3-ab50-5a1e1722b75c,click
2025-03-19 12:26:58.151562,e93e2474-80dc-4c85-9514-36ddd42cce63,click
2025-03-07 16:56:17.696129,b051249f-8ce5-4b52-ad0d-3507bfc0b7e8,click
2025-03-09 21:29:32.437413,e1831c7d-f4db-4529-b667-9151f7ad4739,click
2025-03-04 20:21:14.123490,9f23d392-2dc9-4d67-b183-c6a7a01da121,view
2025-03-06 07:29:58.519920,563ef733-30e2-4c0e-aea5-62f3c71c3181,click
2025-03-09 13:47:04.413186,0cc50451-2f5d-465b-858e-53b5747f7d5b,click
2025-03-02 16:08:01.268340,78fbccf2-a8cf-4ec1-bf47-df75fb528164,view
2025-03-18 23:39:31.697866,cbbc21fc-78ae-4ee5-a4dc-7dc864bb9364,view
2025-03-17 21:36:12.797707,5bff363e-235d-4a13-8c32-8ac04b0ccbc4,view
2025-03-09 06:26:47.742629,8e0bb2c1-6592-407d-adc9-20746eff1e09,click
2025-03-04 20:41:26.252744,95bae09e-65ed-4326-94b7-11a331e8e802,click
2025-03-07 03:36:41.820333,478cf188-dc3c-45bf-8f74-110ef955453f,click
2025-03-10 03:50:13.210913,4236ef02-b767-410b-bbc0-7d9a241ff2ab,click
2025-03-07 00:34:21.223705,d565a6ba-e546-4fe8-9c0e-ac07f3e93a73,view
2025-03-11 17:02:01.790437,6c83b3f6-82b5-4b6e-ae53-bf5e5303dcbc,click
2025-03-09 10:03:31.061637,4704e0af-82b7-4d08-8242-21a05128608c,view
2025-03-13 02:55:16.243382,da481bd1-536a-4b1b-bfec-6dd486a7c37e,view
2025-03-10 20:39:00.651418,2c903b62-1050-4875-87b8-9beaee704850,click
2025-03-05 23:52:33.915799,0a6f5d13-2ce4-43de-bc53-01253bb9b53d,view
2025-03-09 05:30:51.562062,c8a6711d-e7e5-43e2-8d0f-dc9380aa1aee,view
2025-03-08 06:14:39.760477,bde16660-3f69-4e9e-812f-4364d1097522,click
2025-03-07 09:15:35.486496,dd4989f7-50f6-4b26-86b1-8476f6049098,view
2025-03-03 09:29:13.642066,5ad8aa59-8e25-4eb9-a057-0947341d19c6,click
2025-03-13 21:57:09.448051,415f9776-5da8-437d-ae3e-dd6a1154026e,view
2025-03-08 21:30:19.276910,62830f74-4774-49f1-b8c2-0acb11ae5015,view
2025-03-11 10:15:00.872008,5e000313-8a6f-460b-857e-bed43dcc7cd7,click
2025-03-16 02:42:24.144643,93b6b673-0503-4eec-985e-d88b8f92724d,view
2025-03-11 15:03:27.341533,7096bf87-e798-4355-9193-4e22a792ea07,view
2025-03-18 09:16:51.196538,7fd88c69-bbcf-469c-9694-e82e984b0498,click
2025-03-14 17:20:21.290258,94dcde5d-479a-4010-873c-aed4ed784f59,view
2025-03-07 21:13:27.758448,6570209f-4d06-443c-9677-bf6a620d53a8,view
2025-03-18 03:39:10.459937,a471e4ab-caac-45d9-b0f3-248e5b780300,view
2025-03-07 13:15:34.284943,8a9ab510-67ef-486c-8c0c-0f617cbe5527,click
2025-03-12 02:54:21.269225,b77d3095-7a88-427c-a8e4-a9160fa0c376,view
2025-03-04 15:06:15.773430,0edea7ff-53bd-43ef-97e2-eb14eaf1d6bc,click
2025-03-05 11:42:06.694099,3c78b867-0627-42bb-bd1b-db0edac7a855,click
2025-03-13 03:02:57.102981,17a5b90e-f279-42af-a06c-6e2cfd387763,click
2025-03-16 10:48:36.697798,1b3d1530-ad79-454c-a601-d5a94d2f8c73,view
2025-03-04 09:40:47.634914,7dcfaf44-669c-42ed-9553-6cc1f830dea5,click
2025-03-15 10:09:18.377168,6639c296-91c9-4680-b5a9-52cb39f1fa81,view
2025-03-04 15:02:12.638690,97f15645-475f-4251-af18-b81507056b0e,view
2025-03-09 04:00:24.418384,8be53b93-2fc8-4476-b267-35554af7e7d3,click
2025-03-04 19:52:16.791568,e8a02d61-9971-4e99-bff3-525ffdc8ee41,click
2025-03-19 06:46:35.045706,1441c24e-8314-4fd2-93b9-a70531271918,view
2025-03-10 18:25:28.764948,2734b6fd-4bd6-4f0a-83c5-85e414173c59,click
2025-03-03 16:34:47.937579,cb64cbda-0f27-41bd-a188-ae2d6a3cde1a,click
2025-03-08 01:03:59.670528,130eca86-950e-4352-8620-6a182499bc5d,view
2025-03-12 03:16:43.273848,2a2b8204-63c4-4303-9863-df1e4e67d168,click
2025-03-18 13:09:26.086105,5cbfd40e-199a-436c-84fa-fbabf6ad6896,view
2025-03-12 03:04:33.660044,1b77f273-6616-440b-90b9-2122b8351f4f,view
2025-03-14 17:38:50.571655,7917f0ed-1dfb-4715-8e4c-f8233c49d096,view
2025-03-02 21:28:20.629626,27c76ca6-f5ab-4888-83ad-f447d25aa2c6,view
2025-03-09 14:18:16.426991,54f0ee25-1899-4255-9f8a-613716de630b,view
2025-03-11 23:15:27.479688,1b075605-e426-493f-bae8-465a65b23c69,view
2025-03-01 10:16:01.623983,c238a6ea-62f1-46f1-8776-3daad88c788b,view
2025-03-03 00:14:26.989192,10a1901c-ae42-4f24-b0a2-034a41702891,click
2025-03-17 02:27:57.523396,2801a23e-5e75-45ab-b1e0-bde9579c6cee,click
2025-03-03 14:03:07.932457,73ecdd08-ccb8-4993-82ad-3356de37ca09,click
2025-03-15 23:38:10.660342,fc5bbda3-dd5e-453c-a1d6-827e2fcc1469,view
2025-03-01 06:27:34.863861,005f0dd1-792c-47b1-ac85-7d80bd422956,click
2025-03-08 02:45:24.584538,db275403-fa0f-4661-8163-2b9a83c02559,view
2025-03-13 01:23:34.353046,f21f06e6-33a5-48bc-9e28-6f6531aaafc5,click
2025-03-05 02:17:55.569851,7f28753a-5243-494b-8ebf-94630a44141e,view
2025-03-08 05:51:25.160364,4569707c-9775-4f3c-b7dd-69779622885a,click
2025-03-02 13:24:50.517972,e7d3438d-b7d7-45f7-9d86-3133cf01ccfc,view
2025-03-05 23:36:53.304647,498c5988-fc34-4513-a578-2562010470bc,view
2025-03-01 07:51:06.926976,81edec35-d6af-4ff9-a777-d234b5c74587,click
2025-03-18 11:44:50.252346,0da01669-aa61-403d-96f4-1df7602fdd3d,click
2025-03-04 15:14:48.460523,acbce360-1dea-4f76-b39f-a0cc863664a3,click
2025-03-13 16:48:58.678976,366e1d20-964c-469b-8793-75f089b48a00,view
2025-03-16 03:12:23.638478,4a450d4f-6b06-4684-b3b0-0dc05b3e2267,click
2025-03-13 12:07:25.469633,8112fd7e-bacc-49e0-a195-d60efa7dccf9,view
2025-03-09 04:37:13.983421,29f6c4e2-8807-49a5-b535-1bd2443f583b,view
2025-03-01 08:26:07.395907,8d4f2e4b-93ef-4b07-9188-4babd03d7d23,click
2025-03-15 22:39:14.548324,2b996bcd-cdde-4c55-8c3e-1e23f9cfc391,view
2025-03-07 04:34:30.445488,3199ff92-e1f3-41d3-a9ef-1f88f27f25fd,view
2025-03-06 19:52:44.441967,8092cf55-d30c-44f4-a49b-05443992557b,click
2025-03-18 21:05:27.206365,6ef738df-d385-46f1-8d74-21c2c423e32a,view
2025-03-17 02:15:39.246820,fed011bf-85a0-4840-a403-420138728686,view
2025-03-17 02:08:47.012551,d399c0b1-d0ae-4179-b82b-344496d370f5,view
2025-03-07 06:14:32.068990,51aebb0d-0ce0-4575-88b3-ba3da98ff56c,view
2025-03-18 21:25:37.807240,83201300-715d-48f8-8823-d98cc1c21663,click
2025-03-06 07:33:23.956007,848b23ac-ceb6-4f8a-affc-29cc86dc3289,view
2025-03-08 23:37:17.048143,6084f88a-ca5a-4304-bf96-e6e609c66859,click
2025-03-03 20:55:33.119124,2c95fef5-2b89-4beb-8e84-d8594b6bb0b2,view
2025-03-09 10:10:55.512165,90e0fa27-1ed3-4bc9-8aff-ba52dcaedb5c,click
2025-03-06 23:40:58.825269,e81d22d0-10b6-40c3-ba79-c872e4244578,view
2025-03-15 19:01:34.522402,e1a35fe8-a137-496b-b856-0eec4828169d,click
2025-03-12 04:19:55.930311,dad15c22-593e-4458-93f5-9f7113cbfed3,view
2025-03-11 14:47:04.551690,0914b144-3a44-403e-9f62-7b6a44d96a7f,click
2025-03-03 13:38:29.205822,c75b709c-b396-4388-a79a-19f151ff3164,view
2025-03-02 14:42:56.012073,9826ee2c-94d5-4684-a491-7853d2c6bf96,view
2025-03-15 03:55:01.702766,d58616ab-5a20-4201-9e63-b69b792af4a8,view
2025-03-02 17:45:36.859449,73b1cc1e-22f9-4185-bbeb-29e2655588a6,click
2025-03-10 21:16:40.176899,33ec2e3f-3061-4301-8a65-cea3129056eb,view
2025-03-02 05:31:56.642306,16932b2b-9b5b-47f8-bb4d-792c82387be7,view
2025-03-17 07:26:08.854853,5d3cfafe-6c39-469b-b994-24ba78d89e73,click
2025-03-06 03:33:17.787379,6990a232-65f0-404d-a441-bf4fd2d7cce2,click
2025-03-18 03:05:17.189223,17b2bb5b-7f81-42bc-b99d-26da5600ec38,view
2025-03-10 22:06:31.508893,b7799f82-4b1f-428e-838d-29f4e2b54694,view
2025-03-13 17:24:17.029806,07a88a0b-414e-48df-aaca-cd2623d67552,view
2025-03-01 16:18:02.134155,329fab2b-2270-4f6e-959b-fa13bc367119,view
2025-03-04 02:41:23.083971,1f0847c2-c609-42b3-b07f-487602020b72,view
2025-03-04 00:39:45.606449,7912ff1f-72cb-475d-ba4a-805206a6ef85,click
2025-03-09 04:23:50.190018,11f3f5af-03fe-4318-a122-6bb6d408a5a8,click
2025-03-06 10:46:02.268871,816f9662-eb48-40b7-9af6-467f9ebc0c4a,click
2025-03-16 08:25:12.425176,1e6d3377-14ea-4d3d-ab15-c1c5fe406640,view
2025-03-15 22:56:40.030479,de292c6f-92e5-4248-95fc-ea702ad625fe,click
2025-03-09 02:23:06.113033,0549455b-5e12-4f1e-8d28-8d7fe8c72861,click
2025-03-09 21:56:36.949608,09dfac0c-c801-4298-ba86-869650c6a179,click
2025-03-11 21:32:28.492931,e6795dc7-531c-4208-829e-13255f1cbd6b,view
2025-03-07 23:34:17.325855,c96c13b2-2c02-480a-91d5-ea8ef64163c7,view
2025-03-02 10:33:14.047169,6880eb8e-a9ef-4969-b25c-f7f520018bc2,click
2025-03-18 08:11:21.359935,ca89122f-ab37-444e-a918-287d319a4140,view
2025-03-18 08:20:01.454626,bd0ab248-1c50-432c-babd-b0a5d2370dbf,click
2025-03-18 09:15:09.785125,ac092b9d-8e41-4bae-abab-420b1b5c5e13,view
2025-03-01 18:44:43.855267,a0d4861d-862a-4ecb-a75f-dfb55ef8832e,view
2025-03-04 07:14:08.985314,13b81cc6-7c46-4825-86a7-06f230d61f33,click
2025-03-18 12:12:05.376225,a78ef1ef-c6ae-4dd7-8fff-fc10d123190c,click
2025-03-01 15:42:19.585874,d67b4a76-1a16-4eee-886b-4c87d3db018c,click
2025-03-14 12:01:38.858647,49c28656-39c7-4e61-bdbb-eff4291b66f9,click
2025-03-06 09:42:37.448757,6622bb5e-9ec6-42db-846a-0909858fe321,view
2025-03-02 18:44:30.596039,05b77980-76e7-4e96-9f73-01eb8f970bb8,view
2025-03-14 07:42:02.761226,1972481b-fa5a-418e-9ff3-7b896e3d3460,click
2025-03-16 00:53:29.259749,f3b79823-f597-45d9-bd16-422258caee24,view
2025-03-09 01:30:43.412213,5d11c22d-73f6-4fa4-8033-9d3b03fb0f6c,view
2025-03-05 03:49:55.945999,b3c7811f-865f-404b-89e8-da8570100edb,click
2025-03-06 01:51:46.053807,c265f40c-3c4f-4e50-9506-664e29640a32,view
2025-03-15 03:45:41.284291,0294e148-dd44-411c-8ee4-ee565961b081,view
2025-03-04 19:59:15.364312,b7888fe9-f326-4b7d-a355-b1072fdfd4ae,view
2025-03-17 07:41:17.437692,54a8e7c8-4bce-4bb2-9a72-e134000abe62,view
2025-03-05 14:54:03.308374,b3301991-132e-455f-b705-9b2cce586aca,view
2025-03-03 02:58:52.318292,cbf31dad-f525-4d95-884d-0cce9a21ff71,view
2025-03-09 11:52:16.463579,c19fd0a0-f547-4538-a51e-5c0fe47d622a,click
2025-03-06 14:35:00.350330,c8775d8a-1ce9-4da9-b639-5ac97303e1c5,view
2025-03-14 17:09:59.637935,86b993f4-3643-4221-b7de-b10c22c3a102,click
2025-03-07 03:27:57.216940,2550b287-449f-4ec7-9e93-46f20c38aeef,view
2025-03-03 17:19:49.042119,1fe1aaba-1e3c-4a91-8d67-dae8172c4cdc,view
2025-03-07 19:58:17.433382,7e3a550f-fadb-48f8-8a62-1b579d05b9cd,click
2025-03-06 11:24:29.676244,75fbe875-f31f-494a-9db4-a0e016956184,view
2025-03-01 13:10:33.627566,86b07f2d-45c1-468a-8e26-af93a1186b30,view
2025-03-09 14:23:57.266884,83348768-ed62-41f2-9f0d-ec0f0122a0e6,view
2025-03-15 16:59:45.220445,be16293e-7d11-4f14-8fe1-84a56d042694,click
2025-03-02 23:08:10.380420,10ad2746-e092-4fff-985b-ae2eb3f0c12e,view
2025-03-14 19:31:23.835368,daaa0c6a-8a56-437e-839b-2e2adacd4a46,view
2025-03-03 11:03:01.341872,5f1997f1-e7bc-43d6-a708-963daaeb21a3,view
2025-03-10 19:45:57.375698,7b1f4826-c929-4aa6-9d82-e54c6d7dc162,view
2025-03-05 03:15:35.096630,b5b579f2-18f7-4233-b8df-2cb3fb6cbfc9,click
2025-03-11 17:01:39.136985,f589e695-ccec-43d5-b46f-f18b6f3dd32c,view
2025-03-03 06:14:50.740132,43c04352-a929-461f-a119-321a7725b816,view
2025-03-01 10:05:45.600429,83f41864-0170-4af3-a9af-ff83863e72a7,view
2025-03-11 16:14:41.072627,a8cac6f3-8b78-4e13-bbf2-6bad2f04afc6,view
2025-03-19 12:33:24.674337,d95bf2a4-9c3c-44c8-ab73-d5bae73c1f43,view
2025-03-01 03:05:29.807198,3ff9ad1c-0322-4856-8dd1-472eaa81918d,view
2025-03-06 08:38:41.257603,6fdfca34-c8c2-4326-9eff-84f0f4537a27,view
2025-03-09 22:40:30.127967,147c70bf-432e-4581-bd7e-3d4181cdbd58,click
2025-03-05 05:05:34.882645,142a63f4-3c73-42b8-b936-5bba2858c10f,click
2025-03-11 09:32:21.297985,4aa8e4eb-e5ea-4ab5-997b-b48ca8e7e792,view
2025-03-16 16:54:44.157193,04231208-b791-4b5d-b6bc-5bfb865e1f3d,click
2025-03-05 05:22:32.233875,0227fb49-98e9-454e-9897-586a9b86c97e,view
2025-03-16 12:06:00.238772,4ad509c0-99b5-411c-ba35-6f705c1357d7,click
2025-03-01 12:35:52.840369,d8f3153a-be32-4d72-b963-5942800a331a,click
2025-03-14 05:24:04.454578,87a57f2f-4090-49ba-9ebf-9e4c61d3f94f,view
2025-03-09 11:21:03.496376,f3e7d5f1-8646-4a5f-a0f8-390a425e876c,click
2025-03-09 05:25:31.306412,8a650f2d-301d-4f58-9d9b-7b2eb0b35f87,view
2025-03-12 01:24:16.962680,97d2c3c0-ab89-45da-b46e-bd1febeb077c,click
2025-03-08 09:57:11.175504,b79f1a53-02f2-4cf1-98e0-0136b0f031ac,click
2025-03-17 16:33:20.593635,4fdddaed-785d-4da6-bab4-1147ab5a8285,click
2025-03-18 04:56:09.550797,895027d4-54ef-4f82-97b2-f96d3dc1c053,click
2025-03-16 15:36:46.429616,c2b3c848-45bd-47f1-88c3-fa4f9d1ce78c,view
2025-03-09 16:45:15.395411,7f39aed0-e46c-422c-ab4d-29a25334231c,click
2025-03-19 07:28:38.408991,dee6eef0-c0e9-449f-9558-bcdeac65b3df,view
2025-03-08 07:50:09.341547,9491d4ad-453a-4107-b081-a248d9fe0308,click
2025-03-11 22:46:14.730347,b624ee70-f57f-4b38-b044-a09815f55b90,click
2025-03-03 17:41:39.758615,4a2d918c-2f74-4253-9f79-dccd059bc67d,view
2025-03-07 00:33:56.635210,dd6bd980-6064-419a-b001-eab1d85584d8,view
2025-03-13 03:51:28.730515,0111a083-ea33-42b3-8eb3-9fbb335cf56b,view
2025-03-03 09:52:33.560755,2e99dade-a680-4ab7-9d79-31dd3d6e042a,view
2025-03-15 15:23:30.423588,d8fb0c9e-a24f-43b1-ab2e-1ef0e0d55497,click
2025-03-18 08:56:43.510982,32beac33-53a0-4ad3-bf6b-9c541b2a3a23,click
2025-03-08 19:58:04.845292,b1030319-97bd-4baf-8f20-6502be57233d,click
2025-03-18 05:38:57.311395,2728b36f-b3b4-462f-8551-478b1045504b,click
2025-03-09 16:50:17.902071,cc53d8a9-ad2e-4d70-9610-8045518c4cb5,view
2025-03-05 06:16:59.971634,a35b5225-11c9-44c2-bad4-a6628c7cff2f,click
2025-03-17 23:35:57.816187,91249dff-4e56-4ab5-aae2-b8c12be69afc,view
2025-03-02 22:42:07.341013,bde9dbe9-536b-4f33-bc7c-e255bcebed43,view
2025-03-01 02:14:26.193921,117d6bc6-fc7e-4453-a40f-b6fd87966d35,click
2025-03-03 04:17:08.459620,1adb8047-7113-4dab-a26a-a36b20eef97d,view
2025-03-14 18:13:33.133291,cf91b8f1-1558-4d46-87f8-a96edcd31a1c,click
2025-03-14 00:50:28.352333,7881863b-2e6e-4397-ab7e-213be75ad02b,view
2025-03-12 13:21:04.952201,0bf639b1-3c0a-4ecb-852d-0754e18785a7,click
2025-03-05 06:49:18.175642,124fd2d2-5a0a-457d-99d6-9cea27fd7d77,click
2025-03-01 07:37:06.283568,d7029f0a-38bb-462f-b65d-f9b778226a57,view
2025-03-12 17:49:44.899280,385e4563-67c0-4f23-945d-77f9f41b71ff,click
2025-03-14 21:09:33.644321,069c2ec2-8914-4b66-9848-4a1e9e7514b0,view
2025-03-15 14:15:32.027377,2d3e6951-22c2-4c37-a9bc-b900be4942f3,click
2025-03-12 09:01:22.423695,88a94689-e972-4c4c-b162-eaa27895936c,view
2025-03-10 17:05:06.361248,d463a8d7-924b-4e5f-86b2-4688c3fd3a5a,view
2025-03-18 16:44:05.780563,47d00316-2725-47de-8364-5953a99405e1,click
2025-03-18 05:24:16.093000,33fd3080-2753-4d22-b5a3-376c53dab4aa,view
2025-03-06 02:25:49.629714,395403ce-5e6d-42de-bebc-f1b7e6dc8ca3,view
2025-03-03 12:12:12.435512,24e55bd5-0fd3-4072-a8cd-b40385281b18,click
2025-03-06 00:37:04.251264,8a82af4b-d3be-4464-bf9d-685aa793c989,view
2025-03-13 18:27:04.217623,0afedacb-4530-4991-9441-9cd2ffcff4b5,view
2025-03-19 09:29:48.102618,7e486216-c99e-4093-8304-bf4399c4cf8a,view
2025-03-10 07:26:51.336522,9e7cf270-84fe-44a4-99de-6aca80ecf6a4,view
2025-03-08 04:36:02.024056,91265761-e7f5-4473-9b46-7e3de86d64fa,view
2025-03-07 11:09:23.564898,2f3f2584-0082-427a-859a-8a0bdbd5d56e,click
2025-03-04 00:03:34.703098,2a3cad2c-b7a3-4ecf-a400-31646d4c254e,view
2025-03-08 19:32:09.289550,ec36ed46-7f41-48ce-85c1-1e813b086bf3,click
2025-03-08 13:14:08.885777,910b6dc7-6e00-4f0f-87d9-1ba771ff55dc,view
2025-03-14 03:51:24.071059,b2d5677b-19d6-4461-927a-b9daa063d3dc,view
2025-03-03 14:44:13.969205,880e723c-7594-436f-acc0-268b92fab4e1,view
2025-03-03 07:52:31.898410,51613e75-e359-4b7d-9f5e-58dccd4a6a06,view
2025-03-18 05:36:46.114646,a38b75fd-4944-4822-98ea-83ac51b0fc05,click
2025-03-18 13:27:43.205715,3745c8a4-e43a-41ef-8eb5-7ebc86c0f23c,click
2025-03-05 18:33:03.405380,d019304f-49d4-4858-80e7-cb6601270352,view
2025-03-05 11:03:55.181461,19198afa-4d07-4da5-93f2-ee30fbaa292b,view
2025-03-05 11:35:05.287084,e499104b-0712-43c7-8f78-f3b0952976be,view
2025-03-18 13:24:31.401998,39bad5d3-5ab6-4eda-a1c6-d883b852b0af,view
2025-03-04 14:58:05.626059,c7279062-9d0f-49b5-8685-5ef0f1967fb1,view
2025-03-13 16:45:37.213251,15c3b903-9856-41b9-a769-8ef1b1f3383f,click
2025-03-02 01:42:16.619409,94739001-35d9-4e96-9dfe-6c3d7b9eed16,view
2025-03-07 02:41:42.888964,6459e875-6ef6-49b5-948f-7550c8c47a40,click
2025-03-03 02:31:53.978321,e577ef7f-aa4c-4d3f-a323-62dda935584a,view
2025-03-09 01:11:00.856182,dd25dde2-93fd-43f1-84c0-26927b7e9a71,click
2025-03-12 10:55:01.160099,50b77708-e12e-4139-b6ad-f6eaccba9273,click
2025-03-02 23:22:05.217050,b2316463-8088-4ab5-873f-23b3e8523dfe,click
2025-03-14 17:57:00.277018,87f1d49a-6716-4a6d-8d55-a11f0746a8a9,click
2025-03-01 22:16:26.493223,3a4b7b36-5d9e-415d-a674-d6a535716e34,view
2025-03-16 09:55:22.797413,dc4560f0-a6b7-482b-bc6b-ee3f51d7ce63,view
2025-03-01 13:51:37.636118,5e86c2a8-7377-4b77-b7ad-72f809dbede5,click
2025-03-08 10:50:33.456196,aab1bda7-d7e1-49fc-8037-0b034ec45727,view
2025-03-15 11:20:20.885328,699a20ff-7e26-4410-a099-d82d6386d829,click
2025-03-02 17:03:58.552979,5676d8db-c1d9-4531-ad9f-2a60b41d5243,view
2025-03-13 07:48:10.520798,b0708c54-ff3f-4749-bf85-bbb1fc5bc1f3,click
2025-03-01 04:15:03.884944,e8d50a86-4cc1-48b3-98d0-5cca99177047,view
2025-03-08 21:19:29.920940,83e5bda7-30e9-400c-b951-d06a5cfee8d0,click
2025-03-04 01:18:53.669220,ffceffb4-0e4c-4d1d-96eb-2c7a50990e26,click
2025-03-15 13:13:51.779843,b6f78794-1b4b-486e-aa30-bb3def055d11,click
2025-03-06 21:31:12.775343,e3a7c37f-5120-4292-9d03-ca9076033cf4,view
2025-03-15 19:13:02.325274,e94fa08e-9671-461d-b65b-79635670e568,view
2025-03-08 10:13:00.040170,d405b0a6-5e7f-44ac-afc6-b0153a5bd934,view
2025-03-08 05:24:04.222960,80c41098-6e83-40e5-a007-c88194253c5c,click
2025-03-04 01:06:35.373524,9b96f7a0-51bc-403c-b069-04b379115d32,click
2025-03-13 16:27:02.817787,24269cb1-8967-4252-88f8-1c2015e02641,click
2025-03-09 10:52:23.874510,f4f96ce7-0674-46eb-a3c0-af818b6cf133,click
2025-03-04 06:52:21.645686,be23314f-170f-4599-a1a8-7d3cf231bfb7,click
2025-03-09 18:20:48.987445,761fa3bc-08d2-4ea8-9411-0ce0b2490cec,click
2025-03-10 11:00:57.995111,875614d2-2ac2-4868-9bcb-29f5cd8ce333,view
2025-03-17 17:45:02.433471,5d44c98f-df21-4f33-99c6-351682df1eeb,click
2025-03-16 06:33:39.119993,d91c569c-1b93-4d4c-88ff-9175d20e3381,click
2025-03-12 09:24:55.540236,ed4a057f-9b33-4a98-b36b-60bf5fb687e0,view
2025-03-13 11:11:29.537371,7cf7f0cd-5245-4e58-992c-76b080763c9f,click
2025-03-11 06:02:27.888311,751e7d98-7e44-4566-aa75-e094024f3031,view
2025-03-14 11:56:12.350362,d73ef8d1-f400-401c-ad4c-ed04fab496f6,view
2025-03-04 11:51:17.147112,4510d9f1-6868-4158-a983-56564b9e80bd,click
2025-03-14 14:33:33.836386,9b132969-f929-49f6-aba7-b16c7b745f8a,view
2025-03-06 07:52:49.485856,3c3f2076-7205-4817-85c6-13ea7af84e77,view
2025-03-10 12:05:14.951614,35a52062-5062-429e-bd83-cf8d5f71bd0c,click
2025-03-07 20:29:25.364253,82bd7409-a4cb-4ce4-81e6-ed4303b3f243,click
2025-03-15 11:26:30.254827,3c36a376-30ae-407c-8292-b205aa7402d3,view
2025-03-17 01:29:54.271529,5c291be3-bfb1-45cd-a0f7-00ccf3084d58,view
2025-03-11 07:45:32.652565,4f371c85-f11d-4234-996f-177712833a47,click
2025-03-10 07:51:13.629441,096e46fe-820b-419f-ae58-094d6dd7f055,click
2025-03-12 09:24:28.899111,09a98c5a-3da1-4e73-a066-7b747d4065e3,click
2025-03-18 10:03:58.938682,78c32fa4-21cc-457d-9f3f-7e246ae4365e,view
2025-03-12 19:37:53.198221,e7a130ea-7fa1-4a18-8447-c663e4ea8724,view
2025-03-09 02:10:40.090908,e79edd5c-0c75-4e5a-955c-6e1be91b7bdb,click
2025-03-17 11:18:27.344395,df045e6e-1206-4f7a-bd6e-d88eb6cc797a,view
2025-03-05 04:51:03.743394,8578957d-0a28-44c0-b1ac-9526180cd1e1,view
2025-03-06 00:11:20.540014,f96fd45d-331a-4fab-b847-501c2f779b80,view
2025-03-13 23:14:34.018349,99726b55-ede4-4c53-976e-cbf9550e13f5,click
2025-03-17 21:19:26.532973,3068c992-94b0-4ddb-b5ab-cfdd31dcc1e6,view
2025-03-04 12:00:13.477057,91f1d854-71ce-404c-a0dc-22a84cc99f1f,view
2025-03-10 07:09:48.962669,92133c84-ba70-4c8c-8a86-fba463528d31,view
2025-03-17 17:32:07.390272,9a848e49-7919-4919-9087-fc84553edd30,view
2025-03-18 01:03:29.821694,dfed332d-3eec-4591-896d-ec4451846d54,view
2025-03-01 02:44:44.561461,f436a837-200f-4509-8fb3-185efff6f4d7,view
2025-03-05 01:42:30.176796,919bbbbd-d795-46f4-abe7-9ce6a8c03099,view
2025-03-04 14:02:14.786775,3166f845-c113-4062-b1fb-5e3b34df689a,view
2025-03-03 03:23:42.759411,21ffa806-0df9-488a-acab-08137f2ad523,view
2025-03-15 23:17:09.553143,6be543d4-9bf2-4646-9f3a-7b53efb07bf1,view
2025-03-10 18:01:48.291592,55c24b86-66e5-4dbd-9d24-af5f0e0db9c7,click
2025-03-14 21:07:55.638964,4e3674bc-83f5-4213-97d6-650b4e39655e,click
2025-03-08 06:30:29.376472,e48e3de6-9ae4-4430-9f14-a86f64e87c3c,view
2025-03-12 15:39:41.223142,8c426d2c-1ac2-45fe-8b27-aab3ddb416f7,view
2025-03-12 13:06:25.470609,50ccad90-ac80-4f80-b55f-866ab6b94861,click
2025-03-16 07:07:06.445467,90898170-f607-4676-9035-3d44529211c4,click
2025-03-12 12:21:42.027436,0d8c14df-c95a-476f-a832-495c2e8d8dec,view
2025-03-15 20:06:51.634756,aaea17c4-44ef-47e2-a482-ca3e2da88439,view
2025-03-02 06:17:20.906794,285c4e0a-b56c-4fec-86c3-5744be5f09a4,view
2025-03-04 13:52:27.270242,8138e682-7dc6-4689-acd7-602d36eab0b5,click
2025-03-08 06:22:02.213211,ab995da1-31c7-4184-af00-d4317932be95,view
2025-03-03 16:56:49.100614,457e5ccf-e578-4544-a467-c3eefafae6ce,click
2025-03-16 20:43:00.677159,e55a58e8-4fb3-4b3d-8382-2ee9bbb99581,view
2025-03-16 16:55:46.285365,de6ae60d-8c2f-41ef-b7bf-bede73aff87e,click
2025-03-08 03:49:34.652181,cb278a69-8807-4f7f-98ef-a0d01e4e8d87,view
2025-03-15 14:40:30.763774,40b61a36-e285-464a-9225-3164acf35f16,click
2025-03-06 02:45:38.865386,38247ebc-32d9-474c-96b2-0abc194a9975,view
2025-03-12 07:15:30.029333,94243966-c93e-4f37-aa98-c1c1fe7a900c,view
2025-03-14 11:22:54.431037,006ff5be-1ba0-4725-aa45-7b2734b003bb,view
2025-03-14 06:59:04.176140,24de834e-8904-48b9-b374-aada69002607,click
2025-03-15 13:00:41.261262,255cb838-9f7c-4e46-a127-72854586a72a,view
2025-03-06 18:37:54.229193,94541fd1-e859-4fc3-b64a-680d9103f002,view
2025-03-08 07:44:52.127099,a46d2f24-3611-41ac-8940-0db8ee7f41be,click
2025-03-05 16:31:11.679777,10148ffc-b217-408c-a7a6-e5651feba279,view
2025-03-19 07:19:22.862111,5d7c6e6c-d83a-491c-b430-e8e396b1fabc,click
2025-03-12 01:29:23.576132,f68b89d7-99dc-4b09-8414-f122c1be49c7,click
2025-03-17 07:10:05.775252,4171e80e-9308-41b8-878a-b3692d38ea06,view
2025-03-12 07:11:39.884456,cbea903e-de6f-458e-ac1d-83a7aff1b969,click
2025-03-14 07:31:24.444207,381d1e14-69c6-4e3d-8ff1-e3567ff6af0d,click
2025-03-17 05:38:47.953132,81a413cf-544a-422e-8460-28fb61692cae,click
2025-03-07 09:57:54.008430,f51f34e1-46c6-47d8-89f6-ffad2051dd87,click
2025-03-06 13:09:47.239161,eea91c8d-45ab-4d3c-8381-532b1f754484,click
2025-03-01 07:04:27.785311,0341c355-7d8f-45ce-b4d7-c8264de95baf,view
2025-03-13 16:47:10.072307,000e09c2-3cc3-4878-af84-c460e4cad172,click
2025-03-14 14:40:16.926077,ce87cf73-98b6-4309-8df3-e05ad09e5bdf,click
2025-03-17 06:41:48.823498,80924823-ef66-42c0-8465-d1196206badd,click
2025-03-06 20:22:52.678674,b8f25fdc-962a-44ed-91c2-c1205568c74a,click
2025-03-06 22:19:07.353472,67356d6d-15c4-4f88-b51f-c249a7af0e05,view
2025-03-15 11:03:22.394928,2d3e432c-77ed-4e6a-af14-76df4bcb7ce3,click
2025-03-05 01:39:32.331985,b634c830-db9e-432e-8ffc-8ab906eb5118,view
2025-03-18 07:48:00.878605,5e305b25-63a7-42ac-bf4b-6fd8ba7f07fd,view
2025-03-05 21:47:06.699509,5aa93232-aef1-4b09-967d-6a7d1776cb4a,view
2025-03-16 23:30:14.190328,240f937e-d974-4814-913e-c855115498d4,click
2025-03-13 09:17:11.589454,b362b854-098b-40de-b9de-450af26e2fe2,click
2025-03-08 12:30:39.604820,7551408b-3a3c-4827-964b-7ae562245568,click
2025-03-11 18:36:42.471859,6eec0d2e-e7cc-46e5-b16d-711a6deb38f3,view
2025-03-02 12:59:58.198930,71b613f0-f13f-417a-b567-b4e28736b0d9,click
2025-03-05 11:07:09.789511,a1873fb8-e7e0-453a-84ce-96ad085d7fd5,click
2025-03-03 05:37:15.041134,780741ca-d6a6-4d5c-a43c-b7cb31528d24,view
2025-03-08 05:47:00.822770,71e682ac-4672-458c-87db-b09495abcc22,view
2025-03-14 02:58:49.789781,772343c6-9b28-4a6e-9dc3-96e7f4f5301b,click
2025-03-13 23:41:06.548069,63484edf-b3d3-4fd1-8e3f-aff30f8a287f,click
2025-03-06 11:12:08.851361,6613ced7-f2c5-42a5-9838-61915662b2cb,view
2025-03-09 21:16:25.585759,09b91c7d-8251-4d06-8a05-de0ba691d0ce,view
2025-03-12 17:06:26.448236,9d4c1e42-938f-496a-8be6-695841731bd6,view
2025-03-05 17:15:51.580134,408f80b5-a138-4991-a35b-64d7f80daeee,click
2025-03-10 03:05:39.400712,77ae6ed0-f2f0-486a-a8c5-7625ba9a6653,view
2025-03-15 21:39:14.098435,0b154ba8-2612-40a5-804c-bcde016ff272,click
2025-03-19 05:46:50.358006,74ee2635-c981-456d-9ea9-f9537dfe62fa,click
2025-03-12 04:26:26.686461,2d5f7365-cbc1-4fa7-8486-045675242bca,click
2025-03-19 04:06:42.334983,eac98434-faec-4321-887e-6042f2bc0ef2,click
2025-03-18 22:10:28.013453,1e6d2b63-1fd6-47f2-a403-21d974542ac7,click
2025-03-17 13:47:54.545676,14cee333-10f7-480d-bd82-8d5020e8ad9b,click
2025-03-03 17:50:30.407071,c370c4b7-cf88-4fb1-b566-e28ce1ec0f37,view
2025-03-09 08:43:51.740390,6b9308a1-4663-4b7d-ba99-73e02227d32c,view
2025-03-08 04:53:42.577624,16b60c1f-ab63-4065-8cda-982e3e8e3cb5,view
2025-03-08 16:48:59.203323,b2661636-4c8e-44f3-a388-a6986f845950,view
2025-03-15 16:00:04.636742,0c4c7040-5d1b-4979-b0a0-4028acf19db4,view
2025-03-04 05:33:52.446279,b44470a5-16eb-4983-95ca-86a4ab877951,view
2025-03-08 09:06:56.293434,6eec9527-2f7e-4232-b049-46b803eef16b,click
2025-03-18 03:59:00.663685,03ae382d-214a-420d-8c72-acd31ee52e45,view
2025-03-04 08:14:55.739976,bf7beff3-ba5f-489e-b832-1b634571c51d,view
2025-03-09 17:48:56.299958,fce5dc9b-b3f7-41a0-9b55-da43646a77f6,view
2025-03-10 06:14:28.699522,85782c4b-223b-4037-8ab4-7bc7ff664174,click
2025-03-14 11:50:34.876412,90a2564d-ee42-42cd-b3ca-a1e3f1eccf01,click
2025-03-07 22:45:26.612933,6332c2df-40f8-4a62-98d9-a61aedf718dd,click
2025-03-11 18:12:12.431517,30c836f1-a187-4249-891e-e73a37516a8a,click
2025-03-05 07:14:33.822520,ec60791f-5a84-4e6d-aa04-bb1cca534206,view
2025-03-06 00:36:02.379505,a01fd15d-0efa-48bd-b308-19b95ab7b520,click
2025-03-09 13:54:41.850410,cfbeefeb-4923-4b22-969e-34badada6cc3,click
2025-03-09 14:12:02.947981,02a2304e-85e5-4153-87c9-d0a21b7df79d,click
2025-03-01 20:01:29.366955,de23b2b8-5d99-436d-8a1c-0520096c5f5e,click
2025-03-04 00:02:47.605235,65f49c54-b8ab-4400-a161-c26efb9229b5,view
2025-03-13 11:52:53.541671,74d15718-a659-4137-8924-77850e513cec,view
2025-03-02 15:34:48.553451,eacbeebf-ccad-4458-8a4d-edc9feec1d8a,view
2025-03-11 04:03:40.780813,517e6b6a-348d-464e-aa85-b5b5c0872e3b,click
2025-03-05 13:57:15.117099,5260448b-797f-44ef-92ad-3eb335b2932d,click
2025-03-11 00:22:54.858207,f046ae2d-096f-4cf6-b87e-2a39934227ee,view
2025-03-02 23:56:59.439893,a29e3f3f-72aa-406c-95c5-b3dc9abdb445,view
2025-03-01 09:40:53.443002,77f2bd89-5c04-4924-b47b-feace8132d30,click
2025-03-11 01:21:30.809647,7935ba14-cc66-4139-b161-b1f888956dcb,click
2025-03-15 07:50:35.558575,3c2ead81-6f04-49ec-97d3-89601e683d6c,click
2025-03-07 02:31:31.894352,12a8bf02-acd0-4374-8150-23b3c91a4a74,view
2025-03-08 19:03:21.891050,fd47ca78-8363-4c70-aa18-b0d02bc0372c,view
2025-03-05 09:01:36.638839,748a2cf0-0431-4f51-82ef-1cafb4b28ae6,click
2025-03-02 15:39:38.701807,fb542c5e-a4fa-4065-8648-4c8bf3eda8af,click
2025-03-18 06:24:12.075429,abc28b3e-08ae-482b-80a9-9b3383fd9889,view
2025-03-08 00:05:18.459434,c827c656-18a5-4027-887c-3308a32f47f1,view
2025-03-16 08:08:12.254425,ca190a4c-68a5-4491-a665-78e986fe0a7a,click
2025-03-01 08:10:56.780701,71b1b88a-4eb4-4fe9-bdf7-c1df96635aa0,click
2025-03-03 02:09:01.295442,4de5b91b-b39c-4f65-a4d8-9efd306fc84a,click
2025-03-09 02:16:27.737671,b25d0c3a-426f-47ff-ac18-43cc30fb36d1,click
2025-03-19 01:34:56.772134,9d3eb19d-defd-4a6a-a891-0b8a7578a83f,click
2025-03-07 02:53:33.055051,4ecf4883-b83b-40b3-b0f8-70c761b186ff,click
2025-03-09 13:38:20.560298,a4a2ec08-fb8b-45d1-859f-7908ef78f0cd,view
2025-03-18 03:59:09.768979,473b7abc-24ce-492f-9d22-1aa17eec9355,view
2025-03-13 12:46:03.656095,0b0c20a6-a20e-4c05-a418-44cb2339611f,click
2025-03-01 10:14:44.502212,06081760-92c5-484a-8862-37fa62510f5d,click
2025-03-09 05:40:06.550564,d9af338d-ddee-4814-9998-4e0f356df8a0,click
2025-03-04 14:54:54.313692,92637bd4-67e2-41ca-8fb1-755a98607f65,view
2025-03-13 14:35:44.067200,2cf67922-24e1-4f70-8fcf-289eb14e5d47,click
2025-03-08 14:17:56.857160,40a528de-b08c-4984-bc18-5bff0ea20d60,click
2025-03-14 22:40:22.533744,02d0905b-6971-44f1-bf78-f6efcd368073,click
2025-03-01 22:38:33.981656,e168f744-a02b-49e9-8d64-de903b547a56,view
2025-03-06 14:33:35.811129,33123f97-47e6-443d-bc74-7b8235ebd36e,view
2025-03-08 21:54:49.362654,e57054fc-e904-4576-87dd-0b770596648f,click
2025-03-11 20:35:36.734951,99e83782-a80c-4f11-8458-9a40fc20b1ee,view
2025-03-02 09:47:16.323501,e1c2b6a8-589c-45df-bd1b-d3014d065024,click
2025-03-07 03:51:18.193231,df93da50-b8f6-46f8-897f-485101129776,click
2025-03-10 12:47:36.736491,e568ba85-dc75-425c-9791-b99b2d9425c5,view
2025-03-18 00:20:51.748641,b1ab14a4-aae8-4456-b6fc-1e04151884ba,click
2025-03-19 11:58:48.424934,c82db014-7a44-427b-9a85-48520f8d1232,click
2025-03-02 20:04:35.027997,d630f59b-a61c-45c1-8d68-92f88a67ebf1,view
2025-03-17 01:20:53.972099,06cfb94b-79a6-4ede-9d0c-9beaf9b897e9,click
2025-03-01 12:04:10.713367,f5c6b28c-8831-405a-b791-66a3927a304c,click
2025-03-08 20:55:16.295029,314a008c-4bcd-495f-b4bb-c6804fc482dd,click
2025-03-18 08:01:41.925936,e3c27f5d-ae35-483a-9ab0-1b2f0a4d3e6e,click
2025-03-08 04:07:42.629127,b20fa2fb-cfed-4563-8513-9acfe73fd20f,click
2025-03-17 21:31:08.664583,e60b193f-190b-4cec-a736-ea79b80f8205,click
2025-03-12 14:27:32.751778,f9489e76-0adc-41e7-bcf7-ae81359a4cf0,view
2025-03-08 08:27:38.587428,51c1a3e9-6c12-4d35-85ca-44f498be51fe,click
2025-03-03 00:14:21.783417,c093d78a-8656-495a-b04a-6ea523ecb3e3,view
2025-03-14 23:36:19.954317,0b895d4c-be25-4172-9d81-82fb4f8f6b7e,click
2025-03-03 19:53:49.337451,42ad04bd-e8f7-48c7-b786-f89678d7b3b8,click
2025-03-11 03:53:34.859245,12bbb7b8-7547-4ccb-ac29-9fca3e9d65ab,view
2025-03-10 15:30:09.010006,e1160753-779f-4352-a72b-826aea07a618,view
2025-03-09 17:55:56.525992,e3f2c192-eae4-4a2d-8aba-b01c8385e5b6,view
2025-03-02 12:30:15.619746,b5b48ea5-9013-4781-ac77-11c64d008d13,view
2025-03-01 02:55:45.986059,dbfc5b85-e889-4276-a135-91a2002cbde9,view
2025-03-08 03:05:59.554871,91fc45de-d2dd-4839-ade4-212204b03693,view
2025-03-03 08:44:53.146354,8fdd5f10-02c1-4c06-bda1-10f7161a7c64,view
2025-03-08 02:08:12.214560,ef9bb7c4-88d4-4c21-abbb-f24ea560be08,click
2025-03-15 08:41:47.025115,e582b336-689f-4595-8f7f-7dcbecb40b15,click
2025-03-08 04:18:49.167075,d9f9aa38-41c6-4149-9d89-063236d553cd,view
2025-03-17 04:41:04.365009,56e5b3d2-175e-4a98-aadd-b3dbd2a735cc,view
2025-03-11 02:38:22.003538,c5f563e5-63b4-47e7-b21d-bb8c3939cac8,view
2025-03-04 16:38:51.824434,1af3d148-bbe6-42ce-acc0-0f202c92a50f,click
2025-03-18 03:20:54.367864,aad4a472-bd71-44af-aa30-2182f574555f,click
2025-03-08 03:46:11.593004,00782dde-cf52-4baf-bc25-a66af5755a36,view
2025-03-03 07:01:34.357333,6bd2da3d-eea6-477c-a901-154f34dbcd46,click
2025-03-14 18:43:57.096835,dc71a9a3-d904-4ba7-8d4d-8dba8a3139a4,click
2025-03-08 07:43:29.948439,c38556fb-cfda-4007-8a72-a5c02e500a10,click
2025-03-03 17:28:08.451629,0ec55629-4c23-4164-beba-6ad157236ae7,click
2025-03-12 14:09:08.325284,06e58916-0029-4e72-9087-5e7015a37e6f,view
2025-03-11 07:37:35.674137,500ba15a-eb37-4392-87a9-6669ebef2d13,view
2025-03-01 07:41:24.257516,51a892ad-96ac-464b-80eb-bb694c688791,click
2025-03-01 16:26:25.729953,7525a9f9-df00-4436-b620-07d943d561fc,click
2025-03-10 00:18:38.905525,d6f55f9e-73d9-478c-9d3f-dccee7b6e97e,view
2025-03-17 22:37:39.761141,80327209-0810-4f0c-8088-6bd9cc24c947,view
2025-03-02 10:57:38.676922,77991957-c455-4c03-8e90-92b6154dc8c9,click
2025-03-06 05:15:45.105094,697297ff-8696-432f-8932-c4ff9f7d91d2,view
2025-03-13 12:44:28.338680,17f396ad-5ec0-4946-b950-a297d23c3f8c,click
2025-03-19 10:09:48.959653,17711287-32ba-4ac3-a112-4876b744f272,view
2025-03-07 02:30:58.160098,7e159082-369d-4e53-810a-8fdcc6eef7a1,view
2025-03-15 23:25:50.668964,f7ee103f-ddab-48c9-aa59-9d93b43d1a60,view
2025-03-05 05:04:56.986602,c0e7221c-868b-42d6-8621-4e7fbabfdf8a,click
2025-03-14 14:36:29.460566,bd1c1c93-3192-4233-af5a-b62ebcf0da75,view
2025-03-07 20:43:29.353443,e71d7833-c5d1-460c-a764-9090acdd4e25,click
2025-03-08 12:52:46.551289,e57a4400-2a2c-4467-a94a-40cb36fdfab4,view
2025-03-16 04:56:53.514996,23f10063-ed64-47bf-a7dd-0e04742c44dc,click
2025-03-01 13:52:30.351436,43611dd2-072c-4ec7-8ef9-8b0009fc2d50,click
2025-03-05 01:31:03.008712,e7a7a9d5-8ff7-4c1e-9457-7ad02018873f,view
2025-03-14 04:59:30.646677,123ae0ac-25b6-43b8-a6aa-3b1fe2465717,view
2025-03-13 16:59:52.126793,3df03567-0f53-4e51-87f9-a281f2174fef,click
2025-03-02 19:06:51.289794,ea51a7fc-79bb-402c-8ad4-e0fbb561d26c,click
2025-03-06 06:31:11.582090,7891601c-aa7f-4713-be44-9bd127231579,view
2025-03-07 09:14:54.919666,8e13af48-4111-4802-bd7a-528cbc2d4ff7,click
2025-03-12 10:44:44.098142,d9376d7e-1703-44d7-a8e5-e9c5bb145308,view
2025-03-17 08:26:38.641635,0d9e904b-3b54-44c5-9bd0-56c4c24ddcc0,click
2025-03-08 20:53:42.451112,87c8bacb-b3e3-4085-af03-c5c71f7931b9,click
2025-03-01 15:00:44.169994,ca1f8d07-ece9-4834-9d1d-3ea98cfe53ba,view
2025-03-04 15:29:22.507159,e1d42096-e744-4c72-a404-de2a604287be,view
2025-03-11 06:18:33.774865,0ea2666f-5831-4b7b-8aba-827122ca0a33,click
2025-03-01 08:50:43.923169,87aae202-c816-414b-b0da-8fa123dccb07,click
2025-03-19 01:40:46.078830,8e69ca6d-4df1-4f6b-8057-3f741586829e,view
2025-03-15 12:49:11.058435,fe659b5f-4b74-4aa3-9103-130aafdd7577,click
2025-03-16 04:47:03.795645,bf338e17-6fac-45ff-a8dd-3e67aae85553,view
2025-03-02 01:05:18.669176,98f4784c-5c65-4965-b3fc-e092064e750b,click
2025-03-09 23:17:28.672109,4cbb440d-98f5-4f9c-ab21-a2eed29a2c3e,view
2025-03-13 14:09:30.950975,4ea5b067-8275-4ba8-849f-5f57b28b66d6,view
2025-03-18 05:23:52.632500,2ae4b2fb-cdf8-4bb4-a6b3-b20b13ce8f15,view
2025-03-01 17:41:51.456474,d6d15425-e1c7-4bd4-8a09-32f943179d66,click
2025-03-18 16:04:14.576218,6b4a33fc-2ade-47bf-8050-23d1bcaa8e10,click
2025-03-01 01:31:51.780767,0bfb350c-89da-4e35-bdce-f6813e957a87,view
2025-03-16 18:59:22.200431,d9d3275b-8e16-4ea5-8924-d8f3c88a364f,click
2025-03-06 12:59:21.767321,fe0196da-989a-4726-bc9e-546219bfa552,click
2025-03-06 12:01:14.080436,cb2f4f4b-8ae6-41da-8c31-08dbe7bdc964,click
2025-03-19 09:39:49.285049,69eef388-bf41-4d0f-bc2e-e17876ca9813,click
2025-03-18 08:14:33.335048,c31f1a91-6e80-45b9-b3ee-0c759edd1d11,click
2025-03-18 10:00:59.135097,96bead64-302e-4a4a-83e2-2c94edbc061b,view
2025-03-01 22:59:13.076621,5af5bbed-27aa-45b7-87a0-82fbbd60080e,view
2025-03-06 01:58:32.689914,a61aa777-e5fe-4745-a243-12d5da2f1474,click
2025-03-05 23:52:39.785866,cd696eca-34e3-4c7e-b653-d05b5b0b3535,click
2025-03-15 19:37:02.950375,bdee2d92-e057-4e38-b6a8-cc77fd025576,view
2025-03-08 11:40:35.193955,8e7febf1-7529-4ade-9cfb-9436aec17bac,click
2025-03-07 13:08:25.290447,382cedc9-2e15-4c21-b04c-7ddbcff8ec72,click
2025-03-09 08:00:39.137187,40696488-f073-4cec-8ae8-6de298a5f454,click
2025-03-18 04:55:41.383216,da05420e-6fc1-4a49-a156-6f22f9977ffc,view
2025-03-02 08:35:17.405221,c2f7a43d-21ae-4da8-bf09-ae427054cdbf,view
2025-03-08 08:20:42.412939,1b155b87-07d0-444d-932f-46bdb05f9675,click
2025-03-18 12:55:22.881881,bc586aa9-dc5f-4cf3-9ddd-6dbe7179656a,view
2025-03-10 06:05:54.604840,0b9ace87-975b-4565-b17f-480c17d6aa7e,view
2025-03-03 01:16:54.346285,c1a19552-4466-4029-a2bb-87ce88e7dde2,view
2025-03-12 19:47:44.066261,0a30ce33-d2f1-44ff-9db3-9a97881c0241,click
2025-03-10 00:58:30.651113,0865c092-d867-4a49-b4c2-23f4d04710cc,click
2025-03-13 19:33:43.771492,ff73b036-03ba-4eb2-bbcd-660acfa1b184,view
2025-03-11 04:11:42.047940,d4047771-5fe9-4d1c-a350-197470bbb013,click
2025-03-11 09:15:14.880407,72e5a330-a12c-4bbc-bd85-edaa63c0350c,click
2025-03-09 11:01:49.662737,243b150d-5fc1-43a7-8500-9ff82ee3eb56,view
2025-03-07 08:17:22.755235,f2750cb6-a46a-4111-849b-2b1f2546111c,click
2025-03-08 17:46:33.295258,01ad77fc-86da-4ac6-bfe5-7bc67de61818,click
2025-03-11 11:36:29.949095,8fd27652-fcf1-45f7-beae-ff19066556e3,view
2025-03-15 08:35:39.974109,57e54914-f504-4c70-af1d-d4ee429dbcc0,click
2025-03-17 08:42:49.997261,5c8c8da4-ba8e-4bee-ba5c-586d98ac86fa,view
2025-03-03 04:45:19.275702,f084d141-d086-4455-b90e-2a4ebca035ff,click
2025-03-06 12:50:53.595271,6cd750e2-7628-4ce6-b386-2e0b842a51b7,click
2025-03-05 19:39:08.838060,c060ec8e-0b29-4e69-b8f8-9f84858a910c,view
2025-03-18 09:29:04.598603,ce5cdd20-cc45-484f-8f0e-b6da37e78b6c,view
2025-03-14 18:12:00.489582,cbe73131-241e-4ca6-9d34-4ccf401e8528,click
2025-03-06 07:25:56.505954,9043c2dc-869c-4c1c-a710-3e40483bbda1,view
2025-03-09 00:15:01.269992,b377472b-95e4-4af4-9d8f-a9b3cbea187c,view
2025-03-07 15:49:42.521810,f5e1aba5-f968-4ced-8bc9-30e97ee9b951,click
2025-03-10 04:43:45.448699,c8503c9c-9704-4910-96bd-5fe85b70d6ce,click
2025-03-18 11:17:54.859306,48bd2cc0-43e4-485d-97cb-3026bb4e9bf3,view
2025-03-05 05:58:13.556567,caf1b2e2-31d7-4e6c-83f7-8b80afa09884,view
2025-03-13 08:25:57.455507,edca61f9-ba5e-4a0f-9f55-02aefdee5bce,view
2025-03-07 04:48:06.523804,e05f90d2-cce6-4d6e-b139-3b3876971e53,click
2025-03-01 01:29:55.965103,3e5f3e60-6ff2-43ef-8295-ca477d2a5be0,click
2025-03-19 07:00:13.157875,9c81f5a6-13b6-4667-a8b1-c4ab0551480f,click
2025-03-05 03:00:48.016832,62983c2d-895b-444f-8f57-6d638c3becc7,view
2025-03-11 23:08:06.108133,16d8e78d-0979-470c-adaf-12b5aaf4ab5c,view
2025-03-08 13:25:42.541167,fa0198dc-55a8-43b8-a8d2-e292d6d67ec4,view
2025-03-02 11:28:18.921905,f79ea26d-f208-46d6-b483-c5006a6cc0d2,click
2025-03-18 00:12:29.468132,8cdfcb6a-565d-4a96-8487-e7423ed1507f,click
2025-03-06 08:17:57.605356,223a9b47-20c4-4f06-a42c-344a9871cb4e,click
2025-03-06 11:46:09.344681,1704ae77-ff00-4d37-85f7-157379822b6a,click
2025-03-08 13:17:45.576397,1312479e-50a9-4f60-ab56-562bebee031b,view
2025-03-07 06:25:04.863506,28088a30-6a5a-466f-bfae-e63d8bd8175a,view
2025-03-09 08:33:16.200935,1e2f93c4-decc-4352-bc1b-2a2d268f136b,click
